admission_id,patient_id,bed_id,admission_date,discharge_date,admission_status
1,3763,130,2026-01-17,2026-01-18,Discharged
2,2434,208,2026-01-03,2026-02-14,Discharged
3,2889,298,2026-07-02,2026-07-18,Admitted
4,3287,182,2025-11-23,2026-06-03,Discharged
5,3698,174,2026-01-14,2026-05-29,Discharged
6,758,176,2025-09-04,2025-11-10,Admitted
7,3346,137,2026-01-22,2026-01-30,Discharged
8,1200,253,2026-05-25,2026-07-03,Admitted
9,2296,118,2026-06-11,2026-06-22,Admitted
10,496,61,2026-05-08,2026-06-08,Discharged
11,2433,83,2025-08-13,2026-03-22,Admitted
12,590,41,2026-01-26,2026-03-15,Discharged
13,4546,73,2026-07-06,2026-07-12,Discharged
14,3003,222,2026-02-15,2026-06-28,Admitted
15,4095,289,2025-12-26,2026-05-11,Admitted
16,4848,129,2026-02-08,2026-02-23,Discharged
17,982,223,2026-03-07,2026-03-11,Discharged
18,4531,224,2025-09-15,2026-03-19,Admitted
19,1973,20,2025-09-09,2026-06-16,Discharged
20,4674,63,2026-01-13,2026-07-04,Discharged
21,553,254,2026-07-14,2026-07-17,Admitted
22,3289,90,2026-04-30,2026-07-22,Admitted
23,1177,112,2026-07-07,2026-07-11,Discharged
24,4120,244,2026-07-16,2026-07-18,Admitted
25,2629,234,2025-10-24,2026-05-26,Discharged
26,281,186,2026-07-16,2026-07-20,Discharged
27,208,244,2026-06-30,2026-06-30,Admitted
28,4627,184,2026-02-13,2026-04-17,Discharged
29,4088,13,2026-02-04,2026-04-18,Discharged
30,3435,17,2026-01-29,2026-05-04,Discharged
31,3136,244,2025-08-08,2026-04-06,Admitted
32,2878,138,2026-02-26,2026-04-23,Admitted
33,4977,228,2025-11-14,2025-12-31,Admitted
34,3367,69,2025-12-23,2026-05-08,Discharged
35,4885,204,2026-03-24,2026-07-22,Discharged
36,552,224,2026-03-09,2026-07-18,Admitted
37,1566,71,2025-09-24,2026-06-24,Discharged
38,3884,8,2026-01-28,2026-05-02,Admitted
39,939,111,2026-01-19,2026-04-27,Admitted
40,2321,233,2025-11-27,2026-06-17,Admitted
41,4121,249,2026-02-03,2026-02-28,Admitted
42,372,208,2026-02-05,2026-05-13,Discharged
43,761,207,2025-12-10,2026-05-12,Discharged
44,375,148,2025-11-22,2026-04-13,Admitted
45,2890,209,2025-11-17,2026-05-31,Discharged
46,2828,241,2026-01-17,2026-04-16,Discharged
47,1133,129,2026-05-01,2026-05-14,Discharged
48,4532,282,2025-10-30,2026-05-19,Discharged
49,2483,141,2026-06-15,2026-06-16,Admitted
50,1002,202,2025-09-18,2026-03-22,Admitted
51,3488,39,2025-11-08,2026-02-13,Admitted
52,2206,234,2026-07-08,2026-07-20,Discharged
53,2198,122,2026-02-05,2026-07-05,Discharged
54,4430,54,2026-03-19,2026-07-15,Admitted
55,800,82,2025-11-19,2026-03-17,Discharged
56,279,131,2025-09-12,2026-05-18,Discharged
57,2471,36,2025-08-30,2025-11-23,Admitted
58,1572,16,2025-08-31,2026-05-12,Admitted
59,1735,95,2026-01-12,2026-07-13,Admitted
60,4092,161,2026-04-01,2026-07-20,Admitted
61,52,15,2026-03-20,2026-04-23,Admitted
62,1208,173,2026-02-28,2026-03-17,Admitted
63,3835,80,2025-10-21,2026-04-22,Discharged
64,558,171,2026-06-05,2026-07-11,Discharged
65,1053,96,2026-05-12,2026-06-22,Admitted
66,4884,182,2026-03-11,2026-03-20,Discharged
67,3107,233,2026-07-14,2026-07-19,Discharged
68,554,157,2025-10-21,2026-07-20,Admitted
69,520,287,2026-04-19,2026-06-03,Admitted
70,2328,20,2025-11-26,2025-12-07,Discharged
71,2465,273,2026-03-21,2026-04-05,Admitted
72,1933,255,2026-06-20,2026-07-11,Discharged
73,4486,225,2025-09-09,2026-02-01,Admitted
74,3959,184,2026-02-08,2026-04-12,Discharged
75,205,255,2026-03-05,2026-04-01,Discharged
76,3436,215,2026-03-22,2026-07-06,Discharged
77,4070,178,2025-09-30,2026-03-17,Admitted
78,1538,252,2025-09-24,2025-09-28,Admitted
79,1446,276,2026-06-06,2026-06-29,Admitted
80,4730,254,2025-10-13,2026-04-23,Admitted
81,1360,151,2026-03-29,2026-04-09,Discharged
82,3304,24,2026-07-23,2026-07-23,Admitted
83,337,74,2025-08-11,2026-07-23,Admitted
84,1100,31,2025-09-16,2025-10-31,Discharged
85,4276,39,2026-06-19,2026-07-07,Discharged
86,17,56,2026-01-05,2026-03-15,Admitted
87,3339,237,2025-11-10,2026-05-05,Discharged
88,120,257,2026-05-29,2026-07-05,Admitted
89,4715,133,2026-05-04,2026-06-01,Discharged
90,2719,182,2026-01-03,2026-07-06,Discharged
91,338,238,2026-05-14,2026-05-20,Admitted
92,1763,53,2026-01-14,2026-01-19,Discharged
93,2341,40,2025-12-10,2026-06-02,Admitted
94,1773,75,2025-08-11,2026-02-17,Admitted
95,766,52,2026-07-08,2026-07-21,Admitted
96,3316,116,2025-09-17,2025-10-29,Admitted
97,174,196,2026-01-11,2026-01-22,Admitted
98,3903,25,2025-08-12,2025-09-18,Admitted
99,2028,109,2025-09-22,2026-04-28,Admitted
100,2617,236,2026-07-21,2026-07-23,Admitted
101,1325,80,2026-06-28,2026-07-22,Admitted
102,1673,149,2025-11-15,2026-06-11,Admitted
103,3925,172,2026-04-01,2026-06-04,Discharged
104,603,161,2026-06-04,2026-07-09,Admitted
105,4879,278,2026-06-10,2026-07-20,Admitted
106,2057,159,2026-02-26,2026-06-10,Discharged
107,1879,181,2025-11-20,2026-04-29,Admitted
108,4250,85,2026-03-26,2026-04-14,Discharged
109,619,231,2025-12-16,2026-07-05,Discharged
110,3406,265,2025-11-24,2026-04-10,Discharged
111,1913,88,2025-10-30,2026-03-28,Admitted
112,4096,128,2026-06-04,2026-06-14,Admitted
113,4197,4,2026-06-09,2026-07-07,Admitted
114,675,207,2026-06-01,2026-06-06,Admitted
115,1293,36,2026-04-13,2026-07-04,Admitted
116,758,261,2026-02-07,2026-04-14,Discharged
117,811,148,2026-02-10,2026-07-07,Admitted
118,3261,288,2025-11-26,2026-04-06,Admitted
119,2418,177,2025-08-30,2026-06-19,Admitted
120,1983,135,2025-09-18,2026-06-25,Admitted
121,3683,61,2026-03-24,2026-06-08,Admitted
122,2212,13,2025-07-28,2025-08-29,Discharged
123,1148,109,2026-06-13,2026-07-01,Discharged
124,1360,140,2025-12-24,2026-05-29,Discharged
125,2454,195,2026-05-25,2026-06-19,Admitted
126,3352,125,2026-07-16,2026-07-23,Discharged
127,62,297,2026-05-28,2026-07-10,Discharged
128,880,148,2026-06-05,2026-06-14,Discharged
129,2181,101,2025-11-23,2025-12-24,Admitted
130,3672,221,2025-10-23,2026-05-02,Discharged
131,3487,145,2025-08-23,2025-09-11,Discharged
132,4360,247,2025-09-06,2026-05-07,Admitted
133,188,166,2026-05-17,2026-07-16,Admitted
134,2946,257,2026-06-08,2026-07-21,Discharged
135,3584,291,2025-12-24,2026-07-23,Admitted
136,414,123,2026-03-26,2026-04-10,Admitted
137,3892,273,2025-11-16,2026-03-09,Admitted
138,3783,188,2026-03-03,2026-04-28,Discharged
139,3674,56,2026-05-20,2026-05-23,Discharged
140,4954,200,2025-12-22,2026-06-12,Admitted
141,4026,190,2025-11-17,2026-02-20,Admitted
142,1645,176,2025-11-21,2026-01-07,Discharged
143,3081,185,2025-08-08,2026-07-03,Admitted
144,635,296,2026-04-10,2026-07-06,Discharged
145,1191,78,2026-01-23,2026-07-19,Admitted
146,1451,296,2026-04-05,2026-06-28,Admitted
147,1728,36,2025-09-19,2026-01-19,Discharged
148,3016,253,2026-03-15,2026-06-15,Admitted
149,2375,237,2025-11-12,2025-12-03,Discharged
150,2027,240,2026-05-04,2026-07-18,Discharged
151,3005,7,2025-10-30,2026-02-13,Admitted
152,2063,168,2025-09-11,2026-04-14,Discharged
153,624,239,2025-08-21,2026-06-20,Discharged
154,143,41,2026-07-14,2026-07-23,Discharged
155,1575,31,2025-07-30,2026-05-11,Admitted
156,137,151,2026-07-16,2026-07-16,Discharged
157,1581,26,2026-01-27,2026-01-31,Admitted
158,734,54,2025-10-13,2025-11-17,Admitted
159,2609,211,2025-09-10,2026-02-11,Discharged
160,3049,139,2026-07-17,2026-07-21,Discharged
161,3389,149,2025-09-18,2026-01-10,Discharged
162,3720,63,2025-12-20,2026-06-07,Admitted
163,750,300,2026-05-06,2026-06-08,Admitted
164,2121,63,2026-03-05,2026-03-10,Discharged
165,2603,108,2025-08-30,2026-05-05,Admitted
166,4851,80,2025-10-29,2026-04-06,Discharged
167,2998,132,2026-06-21,2026-07-04,Admitted
168,78,185,2026-07-16,2026-07-23,Discharged
169,1722,139,2026-02-02,2026-03-28,Admitted
170,1618,129,2025-09-24,2025-12-22,Discharged
171,596,155,2026-01-15,2026-04-10,Discharged
172,2398,114,2026-03-02,2026-06-03,Discharged
173,1385,106,2025-08-07,2026-01-27,Discharged
174,4964,82,2025-09-25,2026-07-02,Admitted
175,3454,151,2026-01-22,2026-04-12,Admitted
176,1382,98,2025-11-11,2026-05-05,Admitted
177,3121,158,2026-04-06,2026-06-14,Discharged
178,4738,144,2025-10-12,2025-10-16,Admitted
179,1074,260,2025-10-17,2026-03-16,Admitted
180,4300,35,2026-07-19,2026-07-21,Discharged
181,2047,246,2026-03-09,2026-05-04,Discharged
182,3602,122,2025-07-29,2026-04-26,Admitted
183,2150,207,2025-12-31,2026-03-10,Discharged
184,4594,5,2026-01-31,2026-05-20,Discharged
185,2332,64,2026-04-03,2026-04-10,Admitted
186,277,201,2025-08-30,2026-06-06,Admitted
187,1358,236,2025-10-07,2025-11-19,Discharged
188,914,35,2026-03-10,2026-06-07,Discharged
189,3561,284,2026-01-10,2026-04-19,Discharged
190,2206,122,2025-12-06,2026-05-05,Admitted
191,5000,290,2026-03-25,2026-05-05,Discharged
192,4433,152,2026-03-02,2026-07-04,Discharged
193,3286,62,2026-01-14,2026-04-21,Discharged
194,2158,118,2026-03-03,2026-06-17,Admitted
195,3665,270,2025-10-22,2026-05-27,Admitted
196,3400,26,2025-12-27,2026-03-14,Admitted
197,1970,236,2026-04-13,2026-06-10,Discharged
198,4670,56,2026-05-09,2026-05-30,Discharged
199,2811,148,2026-04-03,2026-04-16,Admitted
200,649,82,2026-02-23,2026-04-06,Admitted
201,4937,191,2025-11-29,2026-04-03,Admitted
202,141,58,2025-08-09,2026-05-30,Admitted
203,2117,216,2025-08-03,2025-11-29,Admitted
204,4932,112,2025-12-26,2026-02-04,Discharged
205,697,164,2025-11-26,2026-06-14,Discharged
206,4026,261,2026-06-03,2026-07-14,Admitted
207,586,203,2026-01-18,2026-01-19,Discharged
208,951,270,2025-09-08,2025-11-19,Admitted
209,4947,183,2026-05-30,2026-06-13,Discharged
210,4779,125,2026-05-12,2026-06-02,Admitted
211,4549,26,2026-02-24,2026-06-21,Discharged
212,3547,27,2026-04-17,2026-04-18,Discharged
213,4591,241,2026-05-11,2026-06-29,Discharged
214,1917,16,2025-10-09,2026-06-29,Discharged
215,843,133,2026-05-04,2026-07-18,Admitted
216,2741,246,2026-01-18,2026-06-26,Admitted
217,3694,266,2025-12-07,2026-04-04,Discharged
218,1009,286,2026-01-07,2026-07-16,Discharged
219,4107,168,2026-04-26,2026-07-02,Admitted
220,2612,92,2026-05-02,2026-05-13,Discharged
221,2881,189,2026-02-22,2026-06-27,Discharged
222,3,292,2025-10-13,2026-06-28,Admitted
223,3277,220,2025-11-10,2025-11-15,Discharged
224,2862,255,2026-05-10,2026-05-22,Discharged
225,85,133,2025-09-14,2026-01-10,Admitted
226,3800,48,2026-04-02,2026-05-31,Discharged
227,2808,138,2026-02-12,2026-04-24,Discharged
228,3229,99,2025-08-14,2026-07-23,Admitted
229,1486,67,2026-04-20,2026-07-10,Admitted
230,4787,119,2026-01-20,2026-05-07,Admitted
231,539,54,2025-12-30,2026-01-11,Discharged
232,1675,104,2026-01-24,2026-01-31,Admitted
233,4320,243,2026-04-15,2026-04-22,Discharged
234,2989,123,2025-10-18,2025-12-29,Discharged
235,3814,72,2026-07-23,2026-07-23,Admitted
236,2144,275,2025-09-10,2026-01-04,Discharged
237,1403,289,2026-05-15,2026-07-13,Discharged
238,4615,44,2026-03-03,2026-07-04,Discharged
239,1553,100,2026-01-13,2026-04-01,Admitted
240,1770,2,2025-10-29,2026-02-12,Discharged
241,521,103,2026-04-18,2026-06-14,Discharged
242,1598,120,2025-07-23,2025-08-14,Discharged
243,4874,284,2025-11-22,2026-06-30,Admitted
244,1719,50,2026-06-14,2026-07-05,Discharged
245,771,283,2026-05-23,2026-05-28,Admitted
246,4126,35,2026-04-27,2026-04-28,Discharged
247,4825,219,2026-02-23,2026-03-28,Admitted
248,439,232,2026-05-04,2026-07-17,Discharged
249,3071,163,2026-04-19,2026-04-30,Discharged
250,1536,129,2026-06-07,2026-06-26,Admitted
251,2960,135,2026-06-14,2026-06-27,Admitted
252,3975,89,2026-03-09,2026-05-21,Discharged
253,4347,243,2025-11-21,2026-05-24,Discharged
254,3626,74,2025-07-26,2026-02-12,Discharged
255,4406,123,2026-04-08,2026-06-04,Discharged
256,548,85,2026-07-05,2026-07-09,Discharged
257,2091,149,2025-11-30,2026-02-20,Admitted
258,1676,181,2025-08-10,2025-10-23,Discharged
259,853,214,2025-09-22,2026-06-07,Discharged
260,505,62,2026-06-19,2026-06-23,Discharged
261,4899,192,2025-12-10,2025-12-27,Admitted
262,4535,256,2025-08-26,2026-01-08,Admitted
263,4498,264,2025-09-12,2025-12-20,Discharged
264,4268,75,2025-11-10,2025-12-01,Admitted
265,1739,202,2026-04-21,2026-06-25,Admitted
266,77,162,2026-01-14,2026-06-03,Discharged
267,3497,107,2026-06-06,2026-07-02,Admitted
268,2367,235,2025-07-26,2026-07-03,Admitted
269,3308,274,2026-06-27,2026-07-15,Discharged
270,766,212,2026-06-25,2026-06-26,Discharged
271,2257,206,2026-07-06,2026-07-09,Discharged
272,3602,205,2025-07-30,2026-02-27,Admitted
273,3603,30,2025-12-28,2026-04-03,Discharged
274,3313,105,2026-03-14,2026-05-06,Admitted
275,1288,92,2026-04-17,2026-05-10,Admitted
276,2253,214,2026-03-24,2026-06-24,Admitted
277,2514,199,2026-02-04,2026-04-04,Admitted
278,493,50,2025-09-15,2026-01-21,Discharged
279,167,293,2026-02-19,2026-06-18,Discharged
280,2820,32,2025-12-16,2026-03-27,Admitted
281,669,139,2026-03-12,2026-07-12,Discharged
282,2215,181,2025-11-24,2025-12-18,Admitted
283,3860,16,2026-01-30,2026-05-06,Admitted
284,3629,236,2026-02-12,2026-03-15,Admitted
285,2236,198,2025-09-21,2026-06-27,Discharged
286,4904,159,2026-04-24,2026-06-04,Admitted
287,2629,293,2025-12-10,2025-12-12,Discharged
288,1749,161,2025-12-25,2026-05-11,Admitted
289,2783,277,2025-11-13,2025-12-13,Admitted
290,2218,150,2025-10-03,2026-05-28,Discharged
291,894,179,2026-02-07,2026-05-05,Admitted
292,4441,297,2025-08-18,2025-10-28,Discharged
293,1247,240,2026-01-18,2026-01-27,Discharged
294,4064,230,2026-02-23,2026-03-11,Discharged
295,1427,38,2026-06-08,2026-06-25,Admitted
296,3082,167,2026-05-24,2026-06-15,Admitted
297,1438,295,2025-12-01,2026-07-16,Discharged
298,2767,213,2026-04-15,2026-07-16,Discharged
299,3618,129,2026-01-12,2026-06-22,Admitted
300,2574,154,2025-10-16,2026-01-24,Discharged
301,4228,203,2025-08-20,2026-07-11,Admitted
302,3292,42,2025-11-12,2025-11-20,Discharged
303,3001,102,2026-04-21,2026-07-19,Discharged
304,3822,285,2025-11-23,2026-06-15,Admitted
305,4082,79,2025-12-16,2026-03-04,Discharged
306,4925,82,2025-11-15,2026-05-12,Discharged
307,4443,37,2025-09-04,2026-06-01,Discharged
308,3568,218,2026-04-30,2026-05-14,Admitted
309,1088,111,2026-02-08,2026-06-11,Admitted
310,3168,119,2026-04-23,2026-05-08,Discharged
311,1782,116,2026-01-03,2026-01-08,Discharged
312,2234,26,2026-02-13,2026-07-09,Discharged
313,3729,108,2026-03-06,2026-06-13,Discharged
314,4439,207,2025-10-16,2026-01-18,Discharged
315,3768,105,2026-07-02,2026-07-09,Admitted
316,2573,201,2025-09-06,2026-03-11,Discharged
317,1277,158,2025-08-22,2026-05-22,Admitted
318,2733,120,2026-03-26,2026-04-28,Discharged
319,3597,24,2025-12-27,2026-06-21,Discharged
320,3946,79,2025-09-05,2026-04-21,Discharged
321,3225,237,2025-08-07,2026-01-23,Admitted
322,2800,123,2026-03-22,2026-07-15,Discharged
323,2118,227,2026-07-22,2026-07-22,Discharged
324,268,120,2026-07-15,2026-07-20,Discharged
325,80,162,2026-04-30,2026-06-19,Admitted
326,1078,117,2026-04-04,2026-05-24,Admitted
327,4304,230,2025-12-19,2026-06-18,Admitted
328,4675,166,2025-11-08,2026-02-25,Discharged
329,1863,189,2026-01-22,2026-02-28,Discharged
330,2172,151,2025-11-09,2026-01-28,Admitted
331,1677,136,2025-12-23,2026-02-21,Discharged
332,1349,280,2026-07-06,2026-07-12,Discharged
333,2133,29,2025-08-18,2025-12-15,Admitted
334,3924,116,2025-11-09,2025-12-10,Admitted
335,83,169,2025-11-29,2025-12-05,Admitted
336,216,139,2025-11-03,2026-03-17,Admitted
337,2290,2,2026-02-05,2026-04-08,Admitted
338,1509,202,2026-05-13,2026-07-05,Discharged
339,2712,26,2025-08-27,2026-04-05,Admitted
340,3716,30,2026-04-10,2026-06-02,Discharged
341,4718,247,2026-03-17,2026-06-25,Admitted
342,3537,35,2026-07-07,2026-07-10,Discharged
343,1620,181,2026-01-05,2026-07-11,Discharged
344,2936,227,2026-06-09,2026-06-21,Discharged
345,3621,200,2025-11-23,2026-01-14,Admitted
346,2381,14,2026-01-23,2026-01-26,Admitted
347,1537,63,2025-08-02,2026-06-16,Discharged
348,1650,278,2026-05-28,2026-06-14,Discharged
349,4340,247,2026-05-13,2026-06-27,Discharged
350,3415,298,2025-11-07,2026-07-01,Admitted
351,111,10,2025-12-22,2026-07-20,Admitted
352,1899,153,2026-07-03,2026-07-12,Discharged
353,2048,250,2025-09-01,2025-12-17,Admitted
354,1194,240,2026-04-05,2026-06-03,Admitted
355,3802,194,2026-02-06,2026-06-29,Admitted
356,37,26,2026-01-21,2026-06-12,Discharged
357,1085,258,2026-01-02,2026-07-18,Discharged
358,1297,248,2025-12-03,2025-12-29,Admitted
359,1650,234,2026-02-21,2026-05-23,Admitted
360,4198,235,2026-04-25,2026-05-23,Discharged
361,3982,185,2026-01-31,2026-07-16,Discharged
362,1250,142,2025-09-19,2026-07-03,Admitted
363,3521,247,2025-12-09,2026-06-01,Discharged
364,1865,193,2026-02-28,2026-05-24,Discharged
365,1206,138,2025-09-05,2026-01-25,Discharged
366,1628,175,2025-09-21,2026-01-30,Discharged
367,4317,134,2026-05-18,2026-07-03,Admitted
368,4104,75,2026-03-05,2026-04-03,Discharged
369,3626,51,2026-07-16,2026-07-21,Admitted
370,1995,205,2026-07-23,2026-07-23,Admitted
371,673,255,2026-06-17,2026-07-23,Discharged
372,3305,160,2025-12-09,2025-12-19,Discharged
373,2596,206,2026-07-20,2026-07-23,Admitted
374,1247,28,2026-01-24,2026-02-27,Discharged
375,3934,54,2025-09-14,2025-09-18,Admitted
376,3590,199,2026-02-01,2026-04-03,Admitted
377,905,81,2025-11-27,2026-02-01,Discharged
378,4775,93,2026-06-19,2026-07-06,Discharged
379,2005,106,2026-06-01,2026-07-10,Discharged
380,2937,129,2026-01-15,2026-04-17,Discharged
381,2253,33,2025-11-11,2026-02-27,Admitted
382,3330,291,2026-01-16,2026-04-17,Discharged
383,4591,280,2026-02-21,2026-03-22,Admitted
384,587,100,2025-11-23,2026-01-21,Admitted
385,183,182,2025-10-21,2025-11-27,Discharged
386,402,81,2026-02-18,2026-04-15,Admitted
387,3840,3,2026-03-26,2026-04-16,Discharged
388,1949,181,2025-08-08,2026-05-11,Discharged
389,2797,149,2025-10-07,2026-01-21,Discharged
390,692,112,2026-05-22,2026-05-27,Admitted
391,1845,198,2026-07-05,2026-07-17,Discharged
392,1706,296,2026-03-29,2026-04-25,Admitted
393,2239,238,2025-07-29,2025-11-03,Admitted
394,1725,126,2026-06-08,2026-07-08,Admitted
395,986,112,2025-09-13,2026-01-21,Admitted
396,3146,44,2025-08-16,2026-05-08,Discharged
397,3339,205,2026-07-05,2026-07-17,Admitted
398,606,160,2025-08-11,2025-09-16,Discharged
399,2295,269,2025-09-21,2026-04-29,Discharged
400,3944,283,2025-11-11,2026-03-29,Admitted
401,3388,126,2025-10-08,2026-01-22,Admitted
402,4349,98,2026-04-09,2026-06-05,Discharged
403,4209,130,2025-11-11,2026-03-27,Discharged
404,2347,29,2026-05-27,2026-06-14,Discharged
405,2892,268,2026-05-02,2026-05-11,Admitted
406,3390,271,2026-05-09,2026-07-01,Admitted
407,59,37,2026-07-07,2026-07-14,Admitted
408,382,226,2025-09-20,2025-12-10,Admitted
409,2881,232,2025-08-05,2025-09-01,Discharged
410,892,79,2025-12-05,2025-12-21,Admitted
411,1084,255,2026-02-27,2026-05-19,Admitted
412,328,175,2026-03-23,2026-04-29,Discharged
413,2832,151,2026-01-31,2026-06-19,Discharged
414,3695,166,2025-08-17,2025-08-28,Discharged
415,3514,35,2026-01-08,2026-03-17,Discharged
416,2418,273,2025-11-22,2026-02-04,Discharged
417,3144,223,2025-10-29,2026-07-03,Discharged
418,3466,178,2025-12-15,2026-01-10,Discharged
419,3764,119,2025-07-25,2025-09-08,Discharged
420,1770,33,2025-07-23,2026-06-27,Admitted
421,2559,197,2026-02-18,2026-07-15,Admitted
422,3538,235,2026-06-01,2026-07-10,Discharged
423,4272,163,2026-07-19,2026-07-19,Admitted
424,3998,90,2026-01-25,2026-05-14,Discharged
425,3640,14,2026-06-18,2026-07-23,Admitted
426,1666,39,2025-12-31,2026-06-07,Discharged
427,4367,192,2026-04-24,2026-06-04,Discharged
428,486,141,2026-03-05,2026-04-12,Admitted
429,1448,101,2025-10-16,2025-11-08,Admitted
430,750,95,2026-04-25,2026-06-10,Discharged
431,3526,192,2025-10-13,2026-04-28,Admitted
432,1555,15,2025-08-06,2026-04-30,Discharged
433,621,45,2026-01-19,2026-03-14,Discharged
434,3193,36,2025-09-04,2026-01-12,Admitted
435,4534,257,2026-07-22,2026-07-22,Discharged
436,1162,201,2026-02-03,2026-03-08,Admitted
437,3153,245,2026-06-15,2026-06-30,Discharged
438,3436,167,2025-08-21,2025-10-08,Admitted
439,2712,102,2025-12-26,2026-01-23,Discharged
440,3226,55,2025-08-26,2026-05-26,Discharged
441,3317,134,2025-08-16,2026-02-22,Discharged
442,1326,7,2025-08-21,2025-12-02,Admitted
443,4067,185,2026-07-19,2026-07-20,Discharged
444,473,261,2026-01-18,2026-03-12,Admitted
445,3677,148,2026-07-14,2026-07-17,Discharged
446,913,102,2026-05-15,2026-07-22,Admitted
447,2557,48,2026-06-05,2026-06-17,Admitted
448,1774,81,2026-04-17,2026-05-30,Admitted
449,2241,298,2026-05-06,2026-06-28,Discharged
450,4998,178,2025-09-23,2026-02-26,Discharged
451,1298,134,2026-07-09,2026-07-22,Discharged
452,3896,138,2026-03-25,2026-04-04,Admitted
453,1761,41,2025-10-14,2025-12-16,Discharged
454,1748,134,2025-12-28,2026-05-21,Admitted
455,1430,285,2026-03-03,2026-05-01,Admitted
456,2851,154,2025-11-30,2026-01-07,Admitted
457,1553,21,2025-10-07,2026-01-03,Admitted
458,3821,145,2025-08-22,2026-03-28,Discharged
459,1944,136,2026-05-05,2026-05-29,Admitted
460,445,240,2025-12-17,2026-07-13,Admitted
461,1941,182,2026-06-09,2026-06-11,Admitted
462,3142,29,2026-03-20,2026-07-21,Admitted
463,631,287,2026-01-06,2026-06-10,Discharged
464,3214,169,2025-11-07,2026-05-22,Admitted
465,4363,158,2026-02-05,2026-02-05,Discharged
466,715,263,2025-08-25,2025-12-10,Admitted
467,417,234,2025-09-09,2026-07-17,Discharged
468,2957,23,2026-03-19,2026-04-21,Discharged
469,619,145,2026-02-24,2026-06-04,Discharged
470,4071,157,2025-10-10,2026-06-26,Admitted
471,4091,295,2026-06-23,2026-07-09,Admitted
472,27,15,2026-03-31,2026-05-09,Admitted
473,2559,194,2025-10-02,2025-11-08,Discharged
474,1291,213,2026-03-29,2026-05-20,Discharged
475,3600,81,2026-04-07,2026-06-12,Admitted
476,637,238,2025-09-27,2025-12-24,Admitted
477,3906,95,2025-07-27,2026-06-25,Admitted
478,1339,229,2026-06-20,2026-07-10,Admitted
479,2760,209,2025-10-08,2026-05-21,Discharged
480,1418,182,2025-11-20,2026-02-07,Admitted
481,4098,36,2025-09-30,2026-02-12,Admitted
482,2501,78,2026-07-23,2026-07-23,Admitted
483,1611,18,2025-11-14,2025-12-13,Admitted
484,2020,182,2025-08-17,2026-04-06,Discharged
485,853,235,2026-02-01,2026-02-08,Admitted
486,1322,221,2026-06-18,2026-07-08,Admitted
487,2157,17,2025-08-05,2026-03-20,Discharged
488,3312,168,2025-09-12,2026-04-23,Discharged
489,2576,79,2026-05-15,2026-07-23,Admitted
490,1326,187,2026-05-26,2026-07-03,Discharged
491,415,116,2026-05-03,2026-05-29,Admitted
492,2581,7,2025-11-26,2025-12-28,Admitted
493,4276,265,2025-11-10,2026-02-08,Admitted
494,3979,249,2026-06-14,2026-06-18,Admitted
495,1756,108,2026-04-18,2026-04-27,Admitted
496,2823,225,2025-08-09,2025-10-15,Admitted
497,673,194,2026-04-25,2026-07-09,Admitted
498,2506,156,2025-12-26,2026-02-10,Discharged
499,4812,42,2026-04-05,2026-06-29,Admitted
500,64,241,2025-10-19,2026-06-12,Admitted
501,1190,223,2026-02-28,2026-03-20,Admitted
502,2715,40,2026-04-16,2026-06-05,Admitted
503,4666,128,2026-04-10,2026-05-17,Discharged
504,4168,25,2025-12-16,2026-02-18,Discharged
505,1183,15,2025-08-29,2026-03-29,Discharged
506,3493,165,2026-04-28,2026-05-03,Discharged
507,4275,272,2026-04-07,2026-05-04,Admitted
508,3567,71,2026-07-05,2026-07-17,Admitted
509,4422,109,2025-09-09,2025-10-06,Admitted
510,4541,96,2026-04-25,2026-07-12,Admitted
511,81,297,2026-01-08,2026-02-04,Discharged
512,460,1,2025-11-07,2026-01-05,Discharged
513,310,270,2026-04-09,2026-06-30,Discharged
514,1763,266,2026-04-02,2026-05-19,Admitted
515,915,120,2026-07-19,2026-07-22,Discharged
516,4905,280,2026-07-19,2026-07-22,Admitted
517,1568,203,2026-07-07,2026-07-10,Admitted
518,1352,13,2025-12-20,2026-01-29,Discharged
519,4510,192,2026-03-30,2026-06-04,Admitted
520,3987,37,2026-06-09,2026-07-11,Discharged
521,588,63,2025-09-10,2026-02-14,Discharged
522,3968,227,2026-03-17,2026-06-15,Admitted
523,2459,257,2026-01-26,2026-03-17,Admitted
524,28,131,2025-12-14,2026-02-01,Discharged
525,4813,24,2025-10-17,2026-03-05,Admitted
526,4894,9,2025-11-02,2026-01-18,Admitted
527,1961,40,2026-05-19,2026-07-19,Admitted
528,1782,95,2025-09-10,2026-05-04,Admitted
529,3686,290,2025-12-28,2026-01-12,Discharged
530,67,286,2026-01-11,2026-04-11,Discharged
531,407,24,2025-08-30,2026-06-22,Discharged
532,4039,143,2025-07-29,2026-05-09,Discharged
533,1679,210,2025-11-03,2026-07-01,Admitted
534,2885,299,2026-06-14,2026-06-25,Discharged
535,3085,23,2025-12-23,2026-07-08,Admitted
536,1216,159,2025-12-18,2026-01-19,Discharged
537,3317,236,2025-10-19,2025-11-30,Discharged
538,1912,242,2026-03-19,2026-06-19,Admitted
539,376,293,2026-05-20,2026-05-28,Discharged
540,2351,47,2026-04-09,2026-06-28,Discharged
541,956,279,2026-02-16,2026-06-02,Admitted
542,940,177,2026-02-21,2026-07-18,Admitted
543,2857,107,2026-06-14,2026-06-25,Discharged
544,1715,60,2025-11-28,2026-04-01,Admitted
545,1704,34,2025-10-14,2025-11-27,Discharged
546,810,206,2025-10-13,2026-05-28,Admitted
547,2985,173,2026-05-07,2026-06-02,Admitted
548,4357,12,2026-01-09,2026-06-30,Admitted
549,2245,92,2026-04-20,2026-06-13,Discharged
550,2570,250,2025-12-10,2026-04-20,Admitted
551,1293,250,2025-12-07,2026-04-26,Discharged
552,3515,47,2026-04-03,2026-05-15,Discharged
553,1560,135,2026-06-03,2026-07-07,Admitted
554,1697,22,2026-03-27,2026-06-08,Discharged
555,2725,19,2026-01-17,2026-07-17,Discharged
556,185,111,2026-05-09,2026-05-27,Discharged
557,2728,150,2026-01-03,2026-06-24,Discharged
558,1378,291,2025-08-26,2026-06-09,Admitted
559,4365,227,2026-03-29,2026-04-02,Admitted
560,1828,252,2025-11-23,2026-03-03,Discharged
561,1555,193,2025-08-18,2025-11-21,Discharged
562,1052,62,2026-07-03,2026-07-04,Admitted
563,1108,248,2026-06-15,2026-07-17,Admitted
564,4318,99,2026-07-02,2026-07-08,Discharged
565,4616,141,2026-02-26,2026-06-03,Admitted
566,1609,157,2026-07-19,2026-07-21,Discharged
567,3433,180,2026-01-26,2026-05-01,Discharged
568,1267,153,2025-08-05,2025-11-19,Discharged
569,352,37,2026-04-29,2026-07-08,Admitted
570,149,130,2025-11-20,2026-04-29,Admitted
571,3003,62,2026-07-03,2026-07-10,Admitted
572,1440,77,2025-11-23,2026-04-26,Discharged
573,3920,11,2025-08-05,2026-06-10,Admitted
574,3874,190,2025-11-28,2025-12-10,Admitted
575,4410,255,2025-10-13,2025-12-07,Admitted
576,2552,269,2025-09-18,2025-12-05,Admitted
577,2136,92,2025-12-08,2026-04-16,Discharged
578,1836,49,2025-12-13,2026-05-17,Admitted
579,2733,105,2026-04-10,2026-06-26,Admitted
580,4014,153,2025-10-23,2026-06-12,Discharged
581,2210,91,2026-02-15,2026-03-29,Discharged
582,4479,210,2025-11-27,2026-06-13,Admitted
583,3390,181,2025-11-07,2026-05-14,Admitted
584,3759,107,2025-12-14,2026-07-02,Discharged
585,1132,33,2026-01-18,2026-03-07,Admitted
586,1524,72,2026-07-20,2026-07-22,Discharged
587,333,28,2026-03-01,2026-03-30,Discharged
588,4624,216,2026-03-28,2026-06-20,Admitted
589,476,160,2025-11-29,2026-06-22,Admitted
590,4932,233,2026-03-22,2026-06-17,Admitted
591,965,222,2026-03-04,2026-07-02,Discharged
592,2367,178,2025-09-20,2026-06-03,Admitted
593,4778,210,2026-02-08,2026-06-14,Discharged
594,1443,175,2026-01-04,2026-03-08,Admitted
595,1319,74,2025-09-26,2026-07-02,Admitted
596,4351,103,2025-07-25,2026-01-09,Admitted
597,4450,151,2025-11-11,2026-03-02,Discharged
598,1377,151,2025-10-28,2025-11-02,Admitted
599,2232,198,2026-02-08,2026-03-11,Admitted
600,4877,81,2025-10-31,2026-02-15,Discharged
601,1050,110,2026-07-09,2026-07-22,Discharged
602,2206,37,2026-01-03,2026-03-07,Discharged
603,4465,14,2026-03-18,2026-07-14,Admitted
604,1292,207,2025-11-28,2026-04-30,Discharged
605,3965,90,2026-06-24,2026-06-24,Admitted
606,3411,11,2026-05-22,2026-07-12,Discharged
607,506,171,2025-11-22,2026-07-03,Discharged
608,4002,32,2025-09-23,2026-04-17,Discharged
609,1965,284,2025-11-26,2025-12-08,Discharged
610,4839,286,2026-03-15,2026-03-19,Discharged
611,2314,26,2026-02-22,2026-05-19,Admitted
612,690,183,2026-05-12,2026-06-02,Admitted
613,3084,178,2026-07-08,2026-07-14,Admitted
614,1041,2,2026-02-21,2026-04-28,Discharged
615,4384,269,2026-07-02,2026-07-14,Admitted
616,4949,279,2026-02-01,2026-02-07,Admitted
617,6,215,2025-08-04,2025-12-07,Admitted
618,3669,266,2025-12-01,2026-06-17,Admitted
619,2717,12,2025-10-25,2026-05-01,Admitted
620,401,11,2026-03-24,2026-07-04,Discharged
621,2996,39,2025-12-28,2026-04-10,Admitted
622,3095,38,2025-09-08,2026-06-17,Discharged
623,1545,146,2026-04-24,2026-06-04,Admitted
624,1618,76,2026-07-14,2026-07-23,Discharged
625,1462,259,2026-07-22,2026-07-23,Discharged
626,1977,198,2026-02-05,2026-05-07,Discharged
627,3097,39,2026-04-26,2026-04-26,Discharged
628,572,136,2026-02-23,2026-03-10,Discharged
629,2988,179,2025-12-14,2025-12-28,Admitted
630,1150,137,2025-11-05,2026-06-15,Discharged
631,4463,131,2025-12-19,2026-06-23,Admitted
632,20,169,2026-01-22,2026-04-17,Admitted
633,1029,294,2025-09-30,2025-11-07,Admitted
634,3819,296,2026-04-12,2026-07-17,Admitted
635,2779,83,2026-05-02,2026-07-06,Admitted
636,2285,13,2025-08-31,2026-06-18,Discharged
637,3316,296,2026-02-28,2026-04-09,Admitted
638,4133,124,2026-05-24,2026-07-23,Admitted
639,3791,74,2026-07-12,2026-07-19,Admitted
640,2519,109,2026-05-21,2026-07-19,Admitted
641,230,160,2026-07-18,2026-07-19,Admitted
642,2578,299,2026-04-03,2026-07-18,Admitted
643,463,18,2026-03-20,2026-07-17,Admitted
644,554,34,2026-05-03,2026-05-11,Admitted
645,2213,44,2026-01-05,2026-02-15,Admitted
646,460,191,2026-01-30,2026-02-12,Admitted
647,2327,249,2026-01-29,2026-02-01,Admitted
648,4799,90,2025-10-23,2026-06-22,Admitted
649,3843,199,2025-08-04,2026-04-19,Admitted
650,700,245,2026-02-20,2026-04-21,Admitted
651,3447,256,2025-08-27,2026-07-08,Discharged
652,3058,36,2025-08-03,2025-10-09,Admitted
653,3153,207,2026-02-18,2026-06-23,Admitted
654,40,118,2026-02-02,2026-05-25,Discharged
655,2646,139,2026-03-05,2026-04-17,Admitted
656,103,10,2025-10-19,2025-11-19,Discharged
657,1513,133,2026-03-22,2026-05-21,Admitted
658,1231,80,2025-08-19,2026-03-12,Admitted
659,2470,220,2025-12-23,2026-02-19,Discharged
660,925,258,2025-12-10,2026-02-28,Admitted
661,1216,106,2026-06-13,2026-07-19,Discharged
662,2205,137,2026-07-01,2026-07-22,Discharged
663,4234,149,2025-12-22,2026-04-27,Discharged
664,4817,224,2025-12-15,2026-06-11,Discharged
665,3726,63,2026-04-08,2026-05-27,Admitted
666,3510,263,2025-10-04,2026-04-15,Discharged
667,4537,77,2025-11-04,2025-12-23,Discharged
668,2234,217,2026-05-12,2026-07-15,Discharged
669,1398,271,2025-09-23,2026-04-27,Discharged
670,4519,129,2026-05-27,2026-06-22,Discharged
671,47,91,2025-08-05,2025-11-18,Admitted
672,889,24,2026-06-10,2026-07-06,Discharged
673,4963,146,2025-12-02,2026-03-13,Admitted
674,724,111,2026-02-12,2026-03-10,Discharged
675,2007,175,2026-03-10,2026-05-11,Admitted
676,1520,190,2025-08-09,2026-07-10,Discharged
677,4978,170,2026-05-23,2026-05-27,Admitted
678,1616,14,2025-12-24,2026-07-22,Admitted
679,2045,250,2025-08-18,2025-08-24,Admitted
680,876,257,2025-12-25,2025-12-30,Admitted
681,173,145,2025-12-18,2026-05-23,Discharged
682,427,281,2025-11-02,2026-03-24,Discharged
683,3688,232,2026-06-28,2026-07-08,Admitted
684,2353,16,2026-02-04,2026-05-25,Discharged
685,1456,234,2026-01-18,2026-02-08,Admitted
686,3186,53,2026-02-08,2026-07-20,Discharged
687,34,126,2025-11-06,2026-04-24,Admitted
688,4074,179,2026-01-20,2026-05-27,Admitted
689,1580,137,2025-09-28,2026-04-05,Discharged
690,4313,295,2025-12-25,2026-02-19,Discharged
691,1819,20,2025-09-02,2026-03-04,Discharged
692,1399,285,2025-08-19,2026-07-17,Discharged
693,1078,74,2026-06-14,2026-06-23,Discharged
694,4990,210,2025-12-28,2026-02-01,Admitted
695,730,137,2026-07-16,2026-07-19,Admitted
696,1129,67,2025-07-25,2026-05-02,Admitted
697,4753,57,2026-04-11,2026-05-04,Discharged
698,2056,182,2025-10-05,2026-05-18,Discharged
699,4024,197,2026-05-23,2026-07-17,Admitted
700,3363,163,2025-12-30,2026-06-29,Discharged
701,402,63,2026-04-27,2026-04-29,Discharged
702,4064,2,2025-09-20,2025-12-17,Discharged
703,3152,186,2025-10-25,2026-01-10,Discharged
704,536,183,2025-11-06,2026-07-18,Discharged
705,1113,165,2025-09-30,2026-05-11,Discharged
706,300,160,2026-05-17,2026-05-27,Admitted
707,4622,18,2026-07-15,2026-07-15,Admitted
708,416,31,2026-06-17,2026-07-12,Admitted
709,1409,129,2025-08-12,2025-10-08,Discharged
710,1045,77,2025-12-21,2026-06-07,Admitted
711,4092,218,2026-03-29,2026-06-03,Discharged
712,4159,162,2026-04-07,2026-07-01,Admitted
713,2970,146,2026-03-02,2026-04-06,Discharged
714,2369,140,2025-12-02,2026-05-16,Admitted
715,2467,272,2025-10-14,2025-12-20,Admitted
716,4964,113,2026-05-24,2026-06-02,Admitted
717,4860,184,2025-09-10,2026-02-07,Admitted
718,2964,104,2025-12-20,2026-05-20,Admitted
719,1919,139,2026-02-19,2026-04-21,Discharged
720,1909,17,2026-05-02,2026-06-13,Discharged
721,366,198,2026-07-12,2026-07-21,Admitted
722,4192,127,2026-05-27,2026-07-12,Admitted
723,1629,232,2026-06-12,2026-06-18,Admitted
724,1260,136,2026-01-03,2026-04-01,Discharged
725,2305,177,2025-11-25,2026-06-16,Discharged
726,2140,50,2026-04-06,2026-06-06,Discharged
727,3505,56,2026-05-08,2026-07-12,Discharged
728,4759,262,2025-08-30,2025-09-03,Admitted
729,3419,33,2026-01-27,2026-07-20,Admitted
730,1330,98,2026-05-18,2026-06-23,Discharged
731,3939,150,2026-02-26,2026-06-06,Admitted
732,2559,225,2025-10-05,2025-12-13,Discharged
733,4803,109,2025-08-06,2026-06-26,Admitted
734,4189,38,2026-03-13,2026-05-12,Discharged
735,931,136,2025-12-24,2026-04-10,Admitted
736,1096,298,2026-01-02,2026-04-11,Discharged
737,4970,269,2025-09-04,2025-10-02,Discharged
738,1305,253,2026-07-16,2026-07-18,Admitted
739,4695,295,2026-04-14,2026-04-28,Admitted
740,4525,247,2025-10-13,2026-03-24,Admitted
741,2122,283,2025-07-24,2025-08-25,Discharged
742,4603,139,2025-12-03,2026-01-31,Discharged
743,2406,147,2026-03-07,2026-06-05,Discharged
744,1687,287,2025-12-08,2026-03-30,Admitted
745,701,139,2026-04-06,2026-04-27,Admitted
746,2054,115,2026-02-24,2026-03-11,Discharged
747,2810,165,2025-12-01,2026-01-03,Discharged
748,1977,132,2026-04-01,2026-05-01,Discharged
749,4951,50,2026-01-08,2026-01-24,Admitted
750,2321,134,2025-12-15,2026-04-05,Admitted
751,4610,40,2026-07-02,2026-07-18,Discharged
752,4901,252,2026-05-16,2026-05-29,Admitted
753,4610,220,2025-08-06,2025-10-27,Admitted
754,4123,14,2026-07-05,2026-07-11,Admitted
755,2648,223,2025-08-04,2025-10-26,Discharged
756,3412,54,2026-01-18,2026-01-27,Admitted
757,3990,85,2026-07-16,2026-07-17,Admitted
758,1050,3,2026-05-20,2026-05-26,Admitted
759,44,209,2026-01-06,2026-02-02,Discharged
760,3705,205,2025-12-18,2026-05-29,Discharged
761,4242,259,2025-12-07,2026-03-14,Discharged
762,3984,160,2026-01-17,2026-07-19,Admitted
763,1327,202,2025-08-21,2025-11-28,Discharged
764,2254,72,2025-10-06,2026-04-11,Admitted
765,1458,64,2025-08-13,2025-11-06,Discharged
766,2977,223,2026-04-04,2026-06-09,Admitted
767,4438,129,2026-04-30,2026-05-17,Discharged
768,1458,56,2026-07-08,2026-07-09,Discharged
769,4738,133,2026-06-19,2026-06-20,Admitted
770,1803,25,2025-12-28,2026-02-17,Admitted
771,4353,68,2025-09-30,2026-05-22,Admitted
772,4075,131,2026-03-06,2026-06-24,Discharged
773,928,244,2026-03-20,2026-05-17,Admitted
774,2873,274,2026-07-08,2026-07-10,Discharged
775,410,149,2026-01-10,2026-01-19,Discharged
776,4918,24,2026-06-19,2026-06-21,Discharged
777,2596,208,2025-08-25,2026-06-07,Discharged
778,1773,55,2025-08-09,2025-08-10,Discharged
779,2833,298,2026-02-26,2026-04-25,Discharged
780,4832,36,2026-03-26,2026-07-04,Admitted
781,2540,239,2026-07-22,2026-07-22,Discharged
782,2568,174,2025-08-20,2025-11-15,Admitted
783,4034,249,2026-07-18,2026-07-22,Admitted
784,3488,19,2025-09-01,2025-10-21,Admitted
785,3158,54,2026-06-06,2026-06-24,Admitted
786,4770,112,2026-02-03,2026-04-04,Admitted
787,4111,125,2026-06-01,2026-07-05,Discharged
788,2686,85,2026-02-18,2026-04-05,Admitted
789,3327,249,2026-03-20,2026-05-20,Discharged
790,1618,155,2025-08-31,2025-10-30,Discharged
791,323,17,2026-05-21,2026-06-15,Discharged
792,4424,151,2026-04-27,2026-06-06,Admitted
793,166,138,2026-07-09,2026-07-22,Admitted
794,4579,152,2026-06-02,2026-06-17,Admitted
795,3047,239,2025-10-10,2026-03-10,Admitted
796,3566,135,2026-01-12,2026-06-27,Admitted
797,1360,101,2025-10-13,2025-11-04,Admitted
798,1290,6,2025-07-23,2026-04-11,Discharged
799,1973,294,2026-07-21,2026-07-23,Admitted
800,4788,23,2025-10-09,2026-05-11,Discharged
801,2307,32,2025-09-07,2025-09-16,Admitted
802,4437,236,2025-10-06,2026-01-20,Discharged
803,103,27,2026-05-17,2026-07-12,Discharged
804,1582,11,2025-07-25,2025-07-30,Discharged
805,69,116,2026-03-05,2026-05-26,Admitted
806,430,227,2026-02-17,2026-05-03,Discharged
807,1818,283,2026-02-03,2026-04-15,Admitted
808,3804,152,2026-07-01,2026-07-01,Discharged
809,1305,286,2025-08-17,2026-05-02,Admitted
810,4191,170,2025-08-14,2025-10-29,Admitted
811,4756,270,2026-01-15,2026-01-16,Admitted
812,3765,220,2025-09-11,2026-06-15,Admitted
813,2762,96,2025-11-20,2026-04-05,Admitted
814,3088,285,2026-07-08,2026-07-09,Discharged
815,4688,182,2026-05-13,2026-05-13,Admitted
816,592,136,2026-01-31,2026-07-11,Admitted
817,2426,128,2026-06-21,2026-07-15,Admitted
818,2660,26,2026-03-03,2026-06-05,Discharged
819,794,104,2025-09-22,2026-06-11,Discharged
820,2562,36,2026-03-27,2026-04-20,Admitted
821,4530,1,2026-04-30,2026-05-16,Admitted
822,3879,280,2025-10-09,2025-12-10,Discharged
823,1513,192,2026-01-30,2026-07-06,Discharged
824,1257,215,2026-05-27,2026-07-15,Admitted
825,2008,178,2026-06-30,2026-07-08,Discharged
826,281,278,2025-12-18,2026-05-03,Admitted
827,2686,43,2026-05-23,2026-07-10,Discharged
828,4920,101,2026-07-01,2026-07-02,Admitted
829,4866,67,2026-02-01,2026-05-22,Admitted
830,2202,235,2025-08-17,2026-04-11,Admitted
831,3529,101,2025-08-18,2026-06-10,Admitted
832,651,176,2026-05-22,2026-07-12,Admitted
833,2951,10,2026-04-21,2026-06-13,Admitted
834,277,58,2026-01-19,2026-03-26,Discharged
835,289,205,2026-04-10,2026-05-10,Discharged
836,761,59,2026-03-04,2026-05-13,Discharged
837,1625,14,2025-08-16,2025-11-18,Discharged
838,4177,95,2025-12-06,2026-01-29,Discharged
839,259,288,2026-03-28,2026-05-05,Discharged
840,2684,141,2025-08-31,2025-10-29,Admitted
841,2235,253,2025-09-21,2026-02-16,Discharged
842,1689,225,2026-01-28,2026-03-05,Discharged
843,72,282,2025-11-30,2026-06-19,Admitted
844,3924,220,2026-04-05,2026-05-10,Discharged
845,4408,135,2026-06-16,2026-07-12,Admitted
846,1051,280,2026-05-01,2026-06-09,Admitted
847,4220,65,2025-09-13,2026-06-09,Admitted
848,2695,176,2026-02-22,2026-03-03,Admitted
849,3655,225,2026-04-03,2026-07-17,Admitted
850,837,278,2026-06-15,2026-07-04,Admitted
851,2384,217,2025-09-30,2025-10-12,Admitted
852,2292,127,2025-10-11,2026-06-12,Admitted
853,181,197,2026-03-19,2026-06-08,Admitted
854,2869,299,2026-02-22,2026-04-20,Discharged
855,4736,236,2026-04-25,2026-07-13,Admitted
856,1523,110,2025-08-23,2026-02-26,Admitted
857,4770,140,2025-07-27,2026-02-22,Discharged
858,4520,113,2026-04-13,2026-05-26,Discharged
859,2303,187,2025-11-17,2026-07-20,Admitted
860,2030,124,2026-07-02,2026-07-22,Admitted
861,812,238,2026-01-09,2026-04-06,Discharged
862,2859,142,2025-12-26,2026-06-24,Admitted
863,4408,197,2026-04-22,2026-04-29,Discharged
864,3719,1,2026-06-27,2026-07-19,Discharged
865,3376,67,2025-09-06,2026-01-04,Admitted
866,4504,233,2026-04-26,2026-06-09,Discharged
867,715,22,2026-02-05,2026-02-20,Discharged
868,1092,131,2026-02-02,2026-05-15,Discharged
869,4571,86,2025-12-20,2026-07-06,Discharged
870,3741,167,2025-12-01,2025-12-25,Discharged
871,4681,227,2025-11-26,2026-04-27,Discharged
872,1243,24,2026-07-12,2026-07-23,Discharged
873,2983,17,2025-09-12,2025-10-19,Admitted
874,1731,275,2026-01-18,2026-02-02,Admitted
875,3974,160,2025-10-14,2026-05-20,Admitted
876,4504,96,2026-03-25,2026-04-19,Discharged
877,3236,287,2025-12-10,2026-07-14,Discharged
878,4195,102,2026-06-11,2026-06-22,Admitted
879,145,221,2026-01-09,2026-02-20,Discharged
880,1438,148,2025-09-30,2025-11-21,Discharged
881,4385,40,2026-07-05,2026-07-16,Admitted
882,1703,108,2026-06-14,2026-07-03,Admitted
883,4529,17,2025-10-29,2025-12-12,Admitted
884,2818,144,2026-06-25,2026-07-19,Discharged
885,4157,150,2026-02-12,2026-04-23,Discharged
886,4167,201,2026-04-17,2026-04-22,Admitted
887,1422,228,2026-04-20,2026-07-22,Discharged
888,4603,287,2025-08-12,2025-10-13,Admitted
889,3745,137,2025-11-21,2025-12-26,Discharged
890,4722,298,2026-03-03,2026-06-29,Discharged
891,4582,135,2026-06-23,2026-07-07,Discharged
892,446,33,2025-09-22,2026-05-23,Admitted
893,526,285,2025-08-13,2026-07-10,Admitted
894,2562,30,2025-12-01,2026-05-18,Admitted
895,917,95,2025-07-27,2026-04-05,Discharged
896,4139,240,2026-04-08,2026-04-20,Discharged
897,953,198,2025-08-28,2025-10-22,Admitted
898,2049,149,2025-08-30,2025-11-03,Discharged
899,1072,37,2026-06-17,2026-06-19,Discharged
900,3499,51,2025-07-28,2026-07-16,Admitted
901,1859,189,2025-10-08,2026-07-17,Admitted
902,2684,79,2026-01-04,2026-03-09,Discharged
903,2536,173,2025-09-18,2026-03-12,Admitted
904,331,283,2026-02-28,2026-06-17,Discharged
905,2652,201,2026-01-12,2026-06-18,Admitted
906,3747,149,2026-04-06,2026-06-15,Discharged
907,1743,154,2026-02-02,2026-07-08,Admitted
908,4089,74,2025-10-08,2026-06-04,Admitted
909,2376,38,2026-04-15,2026-04-24,Admitted
910,4051,165,2026-05-22,2026-06-11,Admitted
911,1127,63,2025-11-10,2026-01-17,Discharged
912,2658,123,2026-04-01,2026-06-15,Discharged
913,3384,178,2025-12-23,2026-05-20,Discharged
914,3228,283,2025-09-03,2026-01-07,Discharged
915,215,184,2025-11-06,2026-03-14,Admitted
916,4039,190,2026-07-23,2026-07-23,Admitted
917,2645,297,2025-10-25,2026-04-25,Discharged
918,3305,87,2026-07-20,2026-07-22,Admitted
919,574,291,2026-04-08,2026-05-29,Admitted
920,4680,121,2026-04-11,2026-05-07,Admitted
921,3525,80,2025-11-06,2026-05-28,Admitted
922,4308,110,2026-01-19,2026-05-16,Discharged
923,3520,98,2026-06-08,2026-06-27,Admitted
924,4533,167,2025-09-11,2026-01-14,Admitted
925,728,149,2025-12-31,2026-05-21,Admitted
926,4047,50,2025-11-15,2026-03-12,Discharged
927,1750,28,2025-07-26,2025-10-16,Discharged
928,4871,89,2025-12-31,2026-06-02,Discharged
929,1747,90,2026-02-18,2026-04-20,Admitted
930,219,252,2025-12-08,2026-02-19,Discharged
931,899,242,2025-10-04,2026-05-14,Admitted
932,257,30,2026-07-14,2026-07-15,Discharged
933,1247,132,2025-09-13,2026-04-18,Admitted
934,3382,180,2026-06-22,2026-07-12,Admitted
935,2293,175,2026-07-02,2026-07-05,Discharged
936,830,173,2026-04-28,2026-06-24,Discharged
937,316,161,2025-09-06,2026-06-16,Discharged
938,2111,135,2026-07-21,2026-07-23,Admitted
939,2045,28,2025-11-10,2026-06-09,Discharged
940,4297,234,2025-10-15,2026-06-28,Admitted
941,1017,189,2025-10-13,2026-03-11,Discharged
942,519,280,2026-06-03,2026-07-02,Admitted
943,658,89,2025-11-29,2026-03-11,Admitted
944,1921,224,2026-03-16,2026-06-09,Admitted
945,4982,216,2026-03-12,2026-04-12,Discharged
946,4534,265,2025-12-13,2026-04-03,Discharged
947,1997,34,2026-06-13,2026-06-19,Discharged
948,3809,87,2026-03-02,2026-05-15,Discharged
949,2847,151,2026-02-03,2026-04-09,Discharged
950,1566,143,2026-01-03,2026-07-18,Admitted
951,1997,227,2026-02-25,2026-04-09,Admitted
952,6,299,2025-09-21,2026-05-24,Discharged
953,2727,3,2026-03-10,2026-03-13,Admitted
954,4933,39,2026-02-10,2026-03-04,Discharged
955,4949,191,2025-10-15,2026-03-14,Admitted
956,729,220,2025-12-02,2026-03-15,Discharged
957,3222,182,2026-07-01,2026-07-19,Admitted
958,2108,289,2025-10-30,2026-03-25,Discharged
959,4961,131,2025-09-02,2025-12-14,Admitted
960,2517,289,2026-02-15,2026-05-16,Admitted
961,4950,116,2025-11-24,2025-12-27,Discharged
962,3183,48,2026-04-28,2026-06-06,Admitted
963,1906,236,2026-02-27,2026-06-08,Admitted
964,3712,83,2026-07-14,2026-07-23,Discharged
965,3157,97,2025-08-15,2025-10-11,Discharged
966,2048,223,2026-06-16,2026-07-18,Admitted
967,1325,188,2026-04-26,2026-05-17,Admitted
968,1680,290,2026-03-11,2026-05-04,Admitted
969,3391,5,2025-11-07,2026-07-13,Admitted
970,2473,256,2025-11-13,2026-02-04,Discharged
971,1325,151,2026-04-01,2026-05-24,Admitted
972,2469,285,2026-07-13,2026-07-22,Discharged
973,1404,15,2026-07-01,2026-07-20,Admitted
974,2946,265,2026-04-22,2026-06-13,Discharged
975,881,283,2026-04-18,2026-06-25,Admitted
976,345,242,2026-04-29,2026-05-22,Admitted
977,972,297,2025-09-30,2026-06-15,Discharged
978,2894,201,2026-03-24,2026-06-07,Admitted
979,1043,147,2026-06-17,2026-07-09,Discharged
980,2457,107,2025-12-06,2026-04-18,Admitted
981,3313,24,2026-06-15,2026-07-19,Admitted
982,3176,31,2025-10-02,2026-04-15,Discharged
983,2362,31,2026-06-28,2026-07-22,Admitted
984,4544,13,2025-09-04,2026-05-23,Discharged
985,1727,191,2025-10-25,2026-05-11,Admitted
986,3502,160,2025-10-07,2026-04-14,Admitted
987,2182,175,2025-11-24,2026-07-23,Admitted
988,4498,18,2025-10-16,2026-04-26,Admitted
989,1004,190,2026-06-23,2026-06-24,Discharged
990,823,173,2026-07-10,2026-07-18,Admitted
991,2565,92,2026-01-03,2026-02-24,Admitted
992,1472,21,2025-08-21,2026-02-18,Admitted
993,3437,221,2025-12-08,2026-02-21,Admitted
994,1352,6,2026-04-01,2026-07-13,Admitted
995,4430,117,2026-03-06,2026-05-07,Discharged
996,1599,173,2026-02-09,2026-05-12,Admitted
997,570,128,2026-04-05,2026-06-14,Discharged
998,2595,76,2025-11-27,2026-04-09,Admitted
999,2122,148,2025-09-08,2026-06-22,Admitted
1000,2505,290,2026-04-05,2026-06-27,Discharged
1001,1337,138,2025-09-18,2026-02-28,Discharged
1002,4139,237,2026-02-18,2026-04-09,Admitted
1003,1026,296,2026-06-17,2026-07-21,Discharged
1004,2413,116,2026-05-30,2026-07-08,Discharged
1005,1505,180,2025-10-19,2026-06-12,Admitted
1006,4845,254,2026-06-27,2026-07-05,Discharged
1007,1264,68,2026-04-11,2026-06-01,Discharged
1008,3980,234,2026-02-03,2026-02-16,Discharged
1009,896,257,2025-11-24,2026-05-12,Admitted
1010,1113,202,2025-09-01,2025-11-16,Discharged
1011,394,279,2026-01-20,2026-04-20,Admitted
1012,1832,231,2026-03-22,2026-06-25,Discharged
1013,4684,12,2026-01-24,2026-05-26,Admitted
1014,3889,7,2025-08-18,2025-11-25,Admitted
1015,3534,100,2026-07-17,2026-07-20,Admitted
1016,2399,172,2026-02-27,2026-05-11,Discharged
1017,4466,258,2025-12-28,2026-03-21,Discharged
1018,2542,191,2026-06-24,2026-07-23,Discharged
1019,2996,70,2025-12-10,2026-06-30,Discharged
1020,3915,300,2026-02-05,2026-06-05,Admitted
1021,1244,59,2026-01-12,2026-01-30,Admitted
1022,65,242,2026-07-19,2026-07-23,Discharged
1023,962,53,2025-08-15,2026-05-02,Discharged
1024,3873,169,2025-12-16,2026-02-08,Admitted
1025,1513,96,2025-10-09,2026-04-17,Discharged
1026,3220,92,2025-10-01,2025-12-23,Admitted
1027,3040,138,2025-12-16,2026-02-12,Discharged
1028,2699,18,2025-12-09,2026-05-31,Admitted
1029,1567,258,2025-12-28,2026-06-22,Admitted
1030,2292,185,2025-11-11,2025-11-29,Discharged
1031,4331,143,2026-06-21,2026-06-21,Discharged
1032,3625,101,2026-07-17,2026-07-19,Admitted
1033,1751,231,2026-05-16,2026-07-01,Admitted
1034,3290,185,2026-05-21,2026-07-21,Discharged
1035,3845,130,2026-05-18,2026-05-21,Admitted
1036,3876,29,2025-12-30,2026-02-11,Discharged
1037,4456,180,2026-07-09,2026-07-17,Admitted
1038,3035,46,2026-05-09,2026-05-11,Admitted
1039,4474,63,2026-02-06,2026-05-17,Admitted
1040,1197,106,2025-10-05,2026-07-04,Discharged
1041,2550,101,2026-07-05,2026-07-18,Admitted
1042,4514,217,2026-05-03,2026-05-06,Admitted
1043,2831,272,2025-10-15,2026-06-21,Admitted
1044,3138,293,2025-12-04,2025-12-07,Admitted
1045,2810,112,2025-08-18,2026-03-10,Admitted
1046,4305,60,2026-07-07,2026-07-22,Admitted
1047,4468,141,2025-08-27,2025-12-05,Discharged
1048,4123,127,2026-01-07,2026-03-01,Admitted
1049,3480,265,2025-08-20,2026-03-16,Discharged
1050,3013,120,2025-09-07,2025-10-12,Discharged
1051,4504,5,2026-06-12,2026-06-13,Admitted
1052,3237,280,2026-02-11,2026-04-06,Discharged
1053,780,279,2026-01-01,2026-01-06,Discharged
1054,3655,19,2025-10-27,2026-03-23,Discharged
1055,1410,223,2025-10-17,2026-03-17,Admitted
1056,1598,33,2025-12-21,2025-12-21,Admitted
1057,599,169,2026-06-07,2026-06-16,Admitted
1058,3257,212,2025-08-14,2026-03-09,Admitted
1059,4505,208,2026-01-07,2026-04-19,Admitted
1060,622,218,2025-10-26,2026-05-11,Admitted
1061,1997,179,2025-08-15,2026-07-07,Discharged
1062,2191,97,2026-01-24,2026-05-30,Discharged
1063,4470,34,2026-03-11,2026-07-07,Admitted
1064,3721,282,2025-10-24,2025-10-31,Discharged
1065,3334,222,2025-09-29,2026-02-23,Discharged
1066,3849,47,2025-11-24,2026-03-28,Discharged
1067,4140,73,2026-06-19,2026-07-11,Admitted
1068,181,108,2025-12-30,2026-05-15,Discharged
1069,3504,95,2025-09-03,2026-01-09,Discharged
1070,2167,119,2026-02-12,2026-05-13,Admitted
1071,912,227,2026-03-29,2026-06-20,Admitted
1072,3596,259,2025-10-24,2026-01-29,Admitted
1073,2904,40,2026-01-07,2026-05-26,Discharged
1074,3991,13,2026-06-22,2026-06-23,Admitted
1075,2095,52,2026-06-23,2026-07-23,Discharged
1076,193,20,2026-03-20,2026-03-26,Admitted
1077,4584,174,2025-08-25,2026-01-06,Admitted
1078,1654,8,2026-04-19,2026-07-08,Admitted
1079,2944,181,2026-02-06,2026-06-06,Admitted
1080,3359,81,2026-02-24,2026-07-20,Admitted
1081,2106,51,2025-12-21,2026-07-16,Admitted
1082,4472,129,2025-12-01,2026-06-01,Discharged
1083,1023,60,2026-05-04,2026-05-20,Discharged
1084,3884,95,2026-02-14,2026-02-16,Discharged
1085,2724,244,2026-01-18,2026-07-04,Admitted
1086,4367,112,2025-12-11,2026-07-10,Admitted
1087,532,106,2026-07-15,2026-07-15,Admitted
1088,803,223,2025-10-07,2026-03-01,Admitted
1089,3944,92,2025-11-29,2026-04-27,Discharged
1090,4321,93,2026-07-23,2026-07-23,Discharged
1091,1933,54,2026-05-20,2026-07-03,Discharged
1092,2239,172,2026-04-22,2026-06-01,Discharged
1093,4855,238,2025-12-23,2026-01-16,Admitted
1094,4890,97,2025-09-08,2026-03-08,Admitted
1095,3635,179,2026-05-13,2026-06-08,Discharged
1096,4076,59,2026-03-28,2026-07-16,Admitted
1097,3864,171,2025-08-16,2025-11-28,Discharged
1098,2283,3,2025-10-30,2026-03-16,Discharged
1099,1649,116,2026-07-20,2026-07-22,Discharged
1100,2671,226,2025-10-13,2026-01-12,Discharged
1101,2171,101,2025-10-11,2026-05-27,Discharged
1102,3144,144,2025-12-21,2026-02-13,Discharged
1103,551,180,2025-09-25,2025-12-25,Discharged
1104,986,76,2025-09-13,2025-10-19,Discharged
1105,194,57,2026-02-25,2026-05-09,Admitted
1106,362,5,2025-09-05,2026-02-26,Discharged
1107,1671,208,2025-12-30,2026-06-30,Admitted
1108,3446,243,2026-03-19,2026-06-21,Admitted
1109,1886,136,2026-03-07,2026-03-11,Admitted
1110,838,152,2026-01-24,2026-05-27,Admitted
1111,731,25,2026-05-11,2026-06-29,Discharged
1112,4132,2,2025-10-22,2026-06-20,Discharged
1113,2208,280,2026-05-26,2026-07-01,Admitted
1114,1234,110,2025-09-15,2026-04-01,Discharged
1115,3671,267,2025-11-18,2026-04-06,Discharged
1116,144,280,2025-09-07,2025-12-20,Admitted
1117,1054,215,2026-06-21,2026-07-16,Discharged
1118,3875,13,2026-07-22,2026-07-23,Admitted
1119,3574,108,2025-09-26,2026-02-26,Discharged
1120,4878,36,2026-06-17,2026-07-13,Admitted
1121,4337,233,2026-02-24,2026-03-18,Discharged
1122,1172,282,2026-01-11,2026-01-11,Discharged
1123,967,199,2026-07-03,2026-07-04,Discharged
1124,2113,170,2026-02-10,2026-05-10,Discharged
1125,4477,16,2026-04-07,2026-04-09,Admitted
1126,2421,58,2025-09-26,2025-12-04,Discharged
1127,773,102,2026-04-15,2026-04-26,Discharged
1128,3700,260,2026-06-08,2026-06-11,Discharged
1129,4078,62,2026-04-27,2026-05-19,Discharged
1130,488,254,2025-09-28,2026-01-30,Admitted
1131,97,219,2026-03-03,2026-07-12,Admitted
1132,213,209,2025-11-07,2026-05-29,Admitted
1133,109,72,2025-07-24,2025-09-08,Admitted
1134,701,132,2025-12-26,2026-04-03,Discharged
1135,2841,120,2026-04-11,2026-05-31,Admitted
1136,3779,279,2026-06-01,2026-07-16,Admitted
1137,3536,37,2026-06-04,2026-07-05,Admitted
1138,3412,182,2025-10-09,2026-05-08,Discharged
1139,4565,88,2025-10-19,2026-06-12,Admitted
1140,2097,136,2025-09-29,2026-02-15,Discharged
1141,3495,33,2025-10-06,2026-04-18,Admitted
1142,4285,236,2025-11-14,2026-06-27,Admitted
1143,671,10,2026-02-27,2026-03-22,Discharged
1144,2799,264,2026-01-11,2026-03-17,Discharged
1145,4944,210,2026-04-11,2026-06-22,Admitted
1146,4026,125,2025-12-17,2026-03-22,Admitted
1147,2388,128,2025-08-07,2025-12-08,Discharged
1148,1116,79,2025-10-13,2026-05-15,Discharged
1149,3675,204,2026-03-31,2026-07-16,Discharged
1150,2536,204,2025-09-12,2025-12-05,Discharged
1151,1764,12,2025-08-22,2026-01-01,Discharged
1152,2506,79,2025-11-17,2026-05-16,Admitted
1153,1437,62,2026-05-27,2026-06-10,Discharged
1154,2301,113,2025-11-28,2026-05-10,Discharged
1155,561,52,2026-04-20,2026-06-11,Admitted
1156,1527,274,2026-04-06,2026-05-29,Admitted
1157,1615,130,2026-07-02,2026-07-17,Discharged
1158,451,251,2025-07-24,2025-08-16,Discharged
1159,434,55,2025-11-05,2026-05-17,Admitted
1160,276,255,2026-06-15,2026-07-17,Discharged
1161,1463,221,2026-04-13,2026-06-17,Discharged
1162,549,232,2026-03-30,2026-07-20,Discharged
1163,430,116,2025-11-12,2026-04-24,Discharged
1164,4466,247,2025-09-29,2026-01-15,Discharged
1165,3743,33,2026-06-05,2026-06-28,Discharged
1166,3778,224,2026-04-14,2026-07-11,Discharged
1167,80,190,2025-10-05,2026-02-13,Discharged
1168,4228,288,2026-04-17,2026-07-23,Discharged
1169,1701,20,2026-02-26,2026-04-15,Admitted
1170,3606,177,2026-05-27,2026-07-17,Admitted
1171,1854,129,2026-01-09,2026-04-02,Admitted
1172,3454,285,2026-06-14,2026-07-21,Discharged
1173,3345,234,2026-01-28,2026-05-18,Discharged
1174,4875,286,2026-04-11,2026-06-05,Admitted
1175,3584,191,2026-02-09,2026-04-02,Discharged
1176,185,243,2026-05-20,2026-07-23,Discharged
1177,3781,29,2025-10-31,2026-07-10,Discharged
1178,2236,80,2026-01-16,2026-07-05,Discharged
1179,4733,161,2025-10-31,2026-05-11,Admitted
1180,3217,270,2025-08-03,2025-08-22,Discharged
1181,4974,77,2026-04-15,2026-04-16,Discharged
1182,843,277,2026-06-05,2026-06-19,Discharged
1183,4598,130,2026-01-27,2026-02-03,Discharged
1184,1925,70,2026-03-29,2026-05-18,Discharged
1185,4673,228,2026-04-08,2026-05-18,Discharged
1186,533,164,2025-08-16,2026-04-11,Admitted
1187,3399,41,2025-08-16,2026-01-21,Discharged
1188,2478,210,2026-02-03,2026-04-20,Discharged
1189,4180,94,2026-03-10,2026-06-09,Admitted
1190,2521,13,2026-03-15,2026-04-09,Admitted
1191,1765,291,2026-01-24,2026-02-04,Discharged
1192,125,230,2025-09-04,2025-09-04,Discharged
1193,235,231,2026-01-08,2026-04-12,Admitted
1194,4316,148,2026-06-02,2026-06-03,Discharged
1195,1525,16,2025-08-24,2026-04-29,Admitted
1196,1853,9,2025-08-07,2026-01-12,Admitted
1197,3931,100,2025-12-01,2026-03-02,Admitted
1198,1048,270,2026-07-23,2026-07-23,Discharged
1199,462,205,2025-12-01,2025-12-15,Discharged
1200,3466,179,2026-04-28,2026-05-05,Admitted
1201,1399,42,2026-04-27,2026-05-24,Admitted
1202,2104,191,2025-12-10,2026-06-18,Discharged
1203,1629,131,2026-05-16,2026-05-27,Discharged
1204,425,300,2026-02-28,2026-06-13,Discharged
1205,4010,85,2025-09-10,2026-02-21,Discharged
1206,769,57,2026-07-16,2026-07-22,Admitted
1207,154,215,2025-10-27,2025-12-18,Admitted
1208,246,119,2025-07-23,2025-09-06,Admitted
1209,4492,118,2026-01-07,2026-03-30,Admitted
1210,1931,280,2025-12-20,2026-07-01,Admitted
1211,4545,287,2025-12-24,2026-03-25,Discharged
1212,4067,121,2026-05-15,2026-07-13,Admitted
1213,929,169,2026-02-08,2026-03-18,Admitted
1214,2870,221,2026-04-23,2026-06-14,Discharged
1215,2885,41,2026-05-23,2026-07-06,Admitted
1216,4084,65,2026-03-05,2026-07-04,Discharged
1217,2490,216,2025-09-26,2025-12-23,Admitted
1218,3731,14,2026-01-15,2026-02-13,Discharged
1219,406,273,2025-11-15,2025-12-22,Admitted
1220,4250,147,2025-09-29,2026-06-02,Discharged
1221,4448,102,2026-01-06,2026-06-28,Admitted
1222,4855,199,2025-08-17,2025-12-26,Admitted
1223,2388,263,2025-07-26,2026-05-26,Admitted
1224,2196,187,2026-06-12,2026-06-17,Admitted
1225,4461,276,2026-05-21,2026-06-07,Admitted
1226,3137,33,2026-03-21,2026-07-20,Admitted
1227,1238,211,2026-06-07,2026-07-14,Discharged
1228,1533,286,2025-09-11,2025-12-13,Admitted
1229,4241,137,2025-08-02,2025-12-26,Admitted
1230,886,142,2025-10-19,2026-02-10,Admitted
1231,2721,195,2025-08-07,2025-08-19,Discharged
1232,537,171,2026-04-12,2026-05-06,Admitted
1233,113,212,2025-11-11,2026-04-19,Admitted
1234,2897,184,2026-05-04,2026-07-16,Discharged
1235,2335,19,2025-11-06,2026-01-16,Admitted
1236,2519,128,2026-04-13,2026-07-14,Admitted
1237,2665,79,2025-11-28,2026-01-13,Admitted
1238,471,159,2025-08-28,2026-02-15,Admitted
1239,4999,45,2025-12-26,2026-01-14,Admitted
1240,1943,233,2025-07-31,2026-05-27,Admitted
1241,897,272,2025-10-25,2025-11-29,Discharged
1242,2911,142,2026-05-02,2026-07-22,Discharged
1243,2049,38,2025-09-14,2026-01-06,Discharged
1244,2541,223,2025-09-13,2026-05-29,Discharged
1245,2139,64,2026-01-06,2026-03-27,Admitted
1246,4319,243,2026-03-21,2026-04-08,Discharged
1247,4355,264,2026-07-16,2026-07-21,Admitted
1248,1851,59,2026-03-19,2026-07-23,Discharged
1249,3193,191,2025-11-19,2026-07-19,Discharged
1250,4694,237,2025-08-31,2026-02-15,Discharged
1251,1265,185,2025-10-26,2026-01-27,Discharged
1252,2181,23,2025-12-04,2026-07-02,Admitted
1253,2731,285,2026-05-29,2026-07-07,Discharged
1254,4851,278,2026-02-01,2026-05-31,Discharged
1255,1248,82,2025-09-23,2026-03-02,Admitted
1256,2106,160,2026-01-18,2026-06-15,Admitted
1257,46,74,2025-07-29,2026-04-08,Discharged
1258,4753,78,2026-03-12,2026-03-21,Admitted
1259,984,86,2026-01-02,2026-07-10,Discharged
1260,3647,215,2026-04-19,2026-07-02,Admitted
1261,1164,134,2026-07-22,2026-07-23,Admitted
1262,1350,245,2026-01-02,2026-04-19,Admitted
1263,534,17,2026-07-05,2026-07-21,Discharged
1264,1526,230,2026-07-04,2026-07-13,Admitted
1265,2555,149,2025-09-14,2025-11-05,Admitted
1266,2596,11,2026-07-22,2026-07-22,Discharged
1267,2929,62,2026-04-17,2026-04-25,Discharged
1268,4103,251,2025-12-15,2026-02-06,Discharged
1269,1694,168,2026-03-25,2026-05-09,Discharged
1270,3830,89,2025-12-29,2026-01-10,Discharged
1271,1771,195,2026-05-19,2026-07-19,Admitted
1272,2063,25,2025-08-26,2026-05-21,Admitted
1273,2212,229,2025-08-09,2025-12-20,Discharged
1274,4195,287,2025-09-23,2025-10-27,Discharged
1275,3576,293,2025-09-22,2026-01-06,Discharged
1276,2492,241,2025-09-08,2025-11-15,Admitted
1277,4131,139,2025-12-06,2026-07-10,Admitted
1278,1945,259,2025-09-03,2026-05-20,Admitted
1279,3315,106,2025-08-04,2026-03-12,Admitted
1280,1200,141,2026-05-26,2026-06-28,Discharged
1281,4984,30,2025-10-25,2025-12-14,Discharged
1282,1777,207,2026-03-04,2026-05-11,Admitted
1283,4130,107,2026-03-19,2026-04-01,Discharged
1284,3129,189,2025-07-25,2026-03-13,Discharged
1285,2404,261,2026-02-17,2026-03-21,Admitted
1286,3431,207,2026-07-03,2026-07-18,Admitted
1287,773,216,2025-08-08,2026-03-28,Admitted
1288,992,95,2026-05-01,2026-06-04,Admitted
1289,1930,225,2026-05-14,2026-07-14,Discharged
1290,3455,161,2025-12-10,2026-06-07,Discharged
1291,1518,268,2026-03-06,2026-04-03,Admitted
1292,3712,164,2026-02-09,2026-06-03,Discharged
1293,3506,257,2026-06-12,2026-06-24,Discharged
1294,3988,69,2026-04-07,2026-05-24,Admitted
1295,2982,151,2026-02-26,2026-06-17,Discharged
1296,1796,106,2025-12-18,2026-06-19,Discharged
1297,988,117,2026-06-15,2026-07-07,Admitted
1298,360,23,2026-05-03,2026-05-04,Admitted
1299,3519,87,2025-10-07,2026-03-02,Admitted
1300,2248,44,2025-11-05,2026-06-10,Admitted
1301,284,81,2026-04-13,2026-04-26,Admitted
1302,1670,121,2025-09-06,2026-02-21,Admitted
1303,2388,216,2025-10-14,2026-02-06,Discharged
1304,2716,27,2025-11-15,2026-02-09,Discharged
1305,2816,22,2025-09-08,2025-09-17,Admitted
1306,3067,7,2026-05-13,2026-05-16,Admitted
1307,2290,255,2026-04-30,2026-07-05,Discharged
1308,2310,237,2026-02-18,2026-05-19,Admitted
1309,3005,190,2026-02-14,2026-06-17,Admitted
1310,3985,203,2026-04-14,2026-06-25,Discharged
1311,3323,272,2026-05-25,2026-06-14,Discharged
1312,2024,228,2026-04-19,2026-06-22,Discharged
1313,4285,124,2025-10-13,2026-03-29,Admitted
1314,602,89,2026-04-06,2026-05-03,Discharged
1315,972,161,2026-05-20,2026-06-09,Admitted
1316,1156,81,2026-06-27,2026-07-15,Discharged
1317,4017,129,2026-03-23,2026-03-29,Admitted
1318,1396,133,2025-10-05,2026-03-21,Admitted
1319,2324,112,2026-07-11,2026-07-23,Admitted
1320,3557,249,2025-07-31,2026-06-26,Admitted
1321,588,3,2025-10-20,2025-12-20,Admitted
1322,1078,68,2026-02-15,2026-02-24,Admitted
1323,4136,194,2026-04-17,2026-06-19,Admitted
1324,2862,42,2025-12-12,2026-06-19,Admitted
1325,2878,132,2025-09-17,2026-02-11,Admitted
1326,4731,100,2026-06-28,2026-07-23,Admitted
1327,2116,190,2026-07-22,2026-07-23,Admitted
1328,2873,235,2026-03-08,2026-07-12,Admitted
1329,265,276,2026-03-22,2026-04-14,Discharged
1330,3090,109,2026-02-13,2026-06-07,Admitted
1331,1998,97,2026-04-22,2026-05-17,Discharged
1332,1885,110,2025-10-29,2026-03-15,Admitted
1333,4508,65,2025-12-19,2025-12-26,Admitted
1334,1800,30,2026-02-20,2026-03-12,Discharged
1335,136,86,2026-03-12,2026-05-02,Discharged
1336,264,215,2026-04-03,2026-05-20,Admitted
1337,2195,91,2026-07-13,2026-07-22,Discharged
1338,871,236,2026-04-21,2026-06-07,Admitted
1339,625,54,2025-08-02,2026-03-12,Discharged
1340,365,23,2025-10-07,2026-03-28,Discharged
1341,3788,6,2026-06-01,2026-06-20,Discharged
1342,2628,196,2025-09-29,2025-11-07,Discharged
1343,3991,222,2026-03-26,2026-06-08,Discharged
1344,4365,273,2025-12-17,2026-04-25,Discharged
1345,4473,43,2025-08-09,2026-05-06,Admitted
1346,2570,47,2025-11-25,2026-05-06,Discharged
1347,2476,75,2026-03-12,2026-03-22,Admitted
1348,1291,15,2025-09-10,2026-07-13,Discharged
1349,2197,99,2025-10-02,2026-02-10,Admitted
1350,3283,76,2025-08-05,2025-11-29,Discharged
1351,3896,123,2026-03-24,2026-05-02,Discharged
1352,2837,95,2025-12-06,2026-01-03,Discharged
1353,3309,176,2025-09-11,2026-05-16,Admitted
1354,187,82,2025-12-31,2026-05-15,Discharged
1355,1575,296,2026-04-10,2026-06-14,Admitted
1356,4965,59,2026-07-09,2026-07-12,Admitted
1357,4058,78,2026-01-30,2026-05-21,Discharged
1358,3751,75,2026-03-13,2026-05-25,Discharged
1359,2494,83,2026-06-28,2026-07-04,Discharged
1360,4717,39,2025-07-26,2026-01-28,Admitted
1361,3903,38,2025-08-30,2025-11-08,Discharged
1362,638,280,2025-09-25,2026-04-29,Admitted
1363,3400,146,2025-08-07,2025-11-26,Discharged
1364,652,196,2025-08-12,2025-11-16,Discharged
1365,642,42,2025-11-29,2026-03-15,Admitted
1366,3841,49,2026-07-15,2026-07-22,Admitted
1367,984,31,2026-06-10,2026-07-11,Discharged
1368,4694,213,2026-02-23,2026-02-26,Admitted
1369,2420,124,2025-10-31,2025-11-06,Admitted
1370,1678,53,2025-10-17,2025-12-12,Admitted
1371,3943,162,2026-02-22,2026-06-09,Admitted
1372,1,123,2026-04-11,2026-05-11,Admitted
1373,168,103,2026-01-24,2026-01-30,Discharged
1374,3789,195,2026-02-28,2026-05-20,Discharged
1375,4289,253,2025-09-24,2025-11-21,Discharged
1376,4826,24,2025-12-31,2026-04-05,Discharged
1377,4472,209,2026-01-25,2026-04-24,Discharged
1378,1849,218,2026-07-10,2026-07-14,Admitted
1379,4274,244,2026-02-06,2026-06-01,Admitted
1380,4310,150,2026-05-04,2026-06-02,Admitted
1381,4719,222,2025-09-24,2026-03-27,Discharged
1382,3665,43,2026-01-10,2026-07-04,Admitted
1383,2622,275,2025-12-30,2026-05-14,Discharged
1384,1713,9,2025-12-30,2026-01-27,Discharged
1385,454,53,2025-08-24,2025-12-21,Admitted
1386,4127,180,2026-02-19,2026-03-03,Admitted
1387,2309,42,2026-01-10,2026-03-12,Discharged
1388,3804,206,2026-05-31,2026-07-03,Admitted
1389,496,249,2026-02-05,2026-05-19,Admitted
1390,1541,59,2025-09-25,2026-03-25,Admitted
1391,4765,175,2026-07-14,2026-07-17,Admitted
1392,2865,252,2026-03-12,2026-03-28,Admitted
1393,3589,20,2025-10-17,2026-03-31,Admitted
1394,1705,123,2025-10-02,2026-06-08,Admitted
1395,3271,152,2026-05-01,2026-05-19,Admitted
1396,4676,219,2025-11-29,2026-02-12,Discharged
1397,4477,87,2026-05-24,2026-05-29,Admitted
1398,1119,121,2025-09-06,2026-05-02,Discharged
1399,980,131,2025-12-25,2026-04-20,Admitted
1400,1604,168,2025-09-15,2026-06-01,Admitted
1401,1471,159,2025-11-26,2026-03-18,Admitted
1402,1455,197,2025-11-09,2026-03-07,Admitted
1403,1075,53,2026-01-15,2026-02-24,Admitted
1404,1497,229,2025-12-17,2026-05-15,Admitted
1405,4014,278,2026-04-27,2026-07-09,Admitted
1406,4894,91,2026-04-07,2026-06-06,Discharged
1407,4185,58,2026-02-17,2026-03-29,Discharged
1408,2739,161,2025-11-12,2026-03-15,Admitted
1409,134,72,2026-04-23,2026-05-16,Discharged
1410,1306,261,2025-10-04,2026-02-14,Discharged
1411,3867,47,2025-11-07,2025-11-19,Discharged
1412,2844,197,2025-08-08,2026-02-07,Admitted
1413,1272,112,2026-07-21,2026-07-22,Discharged
1414,1716,158,2026-01-30,2026-05-06,Admitted
1415,1339,109,2025-10-12,2026-01-11,Admitted
1416,1016,51,2026-04-03,2026-05-25,Discharged
1417,1837,289,2025-08-04,2026-03-28,Discharged
1418,2743,38,2026-06-16,2026-06-23,Admitted
1419,1796,97,2025-12-24,2026-01-03,Admitted
1420,3955,67,2026-02-06,2026-05-22,Admitted
1421,4692,225,2025-09-01,2025-09-04,Admitted
1422,816,104,2026-05-31,2026-07-03,Discharged
1423,2534,105,2025-12-04,2026-01-13,Discharged
1424,4459,248,2026-07-14,2026-07-19,Admitted
1425,1420,232,2025-09-10,2025-11-02,Admitted
1426,1942,75,2025-10-28,2026-01-02,Admitted
1427,4119,166,2026-06-14,2026-06-14,Discharged
1428,1191,191,2025-11-23,2026-06-24,Admitted
1429,2043,231,2025-08-15,2025-11-05,Admitted
1430,1726,211,2025-10-21,2026-04-16,Discharged
1431,3592,69,2025-10-31,2026-07-22,Discharged
1432,1990,292,2026-03-26,2026-07-15,Discharged
1433,4748,27,2025-11-25,2026-01-03,Admitted
1434,60,86,2025-10-02,2025-11-07,Admitted
1435,2019,113,2026-07-21,2026-07-21,Admitted
1436,2109,168,2025-12-06,2026-06-13,Discharged
1437,1874,186,2025-10-25,2025-12-11,Discharged
1438,4395,187,2026-01-10,2026-03-27,Discharged
1439,1931,291,2025-10-13,2025-10-31,Discharged
1440,2588,172,2026-05-01,2026-06-21,Admitted
1441,992,36,2025-07-26,2025-11-06,Discharged
1442,1915,23,2025-11-30,2026-06-19,Discharged
1443,4789,224,2025-10-04,2025-12-13,Admitted
1444,939,273,2025-11-14,2026-02-19,Admitted
1445,1417,111,2026-03-05,2026-03-10,Admitted
1446,392,235,2026-05-19,2026-06-13,Admitted
1447,1247,62,2026-03-29,2026-05-07,Admitted
1448,4617,211,2025-08-11,2026-06-07,Admitted
1449,4867,70,2026-06-20,2026-07-23,Discharged
1450,385,166,2026-04-15,2026-05-07,Discharged
1451,4985,68,2025-11-12,2026-04-12,Discharged
1452,1411,179,2025-08-01,2026-06-23,Discharged
1453,3947,93,2026-02-18,2026-05-31,Discharged
1454,296,182,2026-05-31,2026-06-26,Discharged
1455,4858,246,2026-04-09,2026-06-24,Discharged
1456,3414,149,2026-02-19,2026-03-23,Discharged
1457,1722,291,2025-10-21,2025-12-06,Discharged
1458,1587,170,2026-03-17,2026-06-18,Admitted
1459,1062,79,2026-02-26,2026-06-06,Discharged
1460,3862,77,2025-09-09,2026-03-17,Discharged
1461,2258,284,2025-07-27,2025-12-26,Admitted
1462,590,159,2025-09-01,2025-11-21,Admitted
1463,3569,98,2026-07-14,2026-07-14,Admitted
1464,3805,111,2025-12-13,2026-06-20,Discharged
1465,2388,110,2025-11-11,2025-12-28,Discharged
1466,2680,158,2026-07-16,2026-07-21,Admitted
1467,117,285,2026-03-06,2026-05-03,Admitted
1468,2646,277,2026-05-05,2026-06-11,Admitted
1469,2701,282,2026-06-26,2026-06-26,Admitted
1470,2079,15,2026-06-26,2026-07-20,Admitted
1471,4326,75,2025-07-23,2025-11-30,Admitted
1472,1996,296,2026-02-24,2026-04-07,Discharged
1473,1049,187,2026-03-25,2026-03-28,Discharged
1474,3307,164,2025-11-20,2025-12-08,Admitted
1475,4200,121,2026-01-09,2026-07-04,Discharged
1476,2047,222,2026-03-17,2026-05-18,Admitted
1477,4356,247,2025-11-30,2026-01-07,Discharged
1478,1598,169,2026-03-26,2026-07-15,Admitted
1479,2615,28,2025-11-07,2025-11-08,Discharged
1480,2962,84,2025-09-24,2026-01-10,Admitted
1481,4734,157,2026-06-01,2026-07-09,Admitted
1482,2156,27,2026-06-10,2026-07-07,Discharged
1483,351,184,2025-12-05,2026-06-10,Discharged
1484,4587,202,2026-04-15,2026-06-02,Discharged
1485,2492,28,2026-01-26,2026-06-05,Admitted
1486,4139,140,2025-11-09,2025-12-28,Admitted
1487,1962,153,2025-10-31,2026-05-08,Admitted
1488,2847,208,2026-07-17,2026-07-21,Admitted
1489,2973,108,2026-07-16,2026-07-23,Discharged
1490,2023,190,2026-01-19,2026-05-16,Discharged
1491,4920,202,2025-08-01,2025-12-05,Discharged
1492,2973,37,2026-02-03,2026-04-06,Admitted
1493,80,82,2026-01-18,2026-06-06,Discharged
1494,496,298,2026-05-10,2026-05-24,Admitted
1495,2835,290,2026-06-07,2026-07-03,Admitted
1496,1976,3,2026-04-25,2026-05-22,Admitted
1497,38,43,2025-08-06,2026-01-04,Discharged
1498,4503,34,2026-05-07,2026-06-12,Discharged
1499,2548,137,2025-11-26,2026-01-24,Discharged
1500,376,189,2026-04-13,2026-05-01,Discharged
1501,3597,176,2025-10-01,2026-05-06,Admitted
1502,1586,81,2026-04-23,2026-05-09,Admitted
1503,4631,76,2025-09-02,2026-04-23,Admitted
1504,3775,259,2025-10-03,2026-01-06,Admitted
1505,2471,43,2025-11-27,2026-05-27,Discharged
1506,1043,290,2026-02-05,2026-03-03,Admitted
1507,2327,77,2026-06-05,2026-07-03,Discharged
1508,1138,117,2026-01-17,2026-03-02,Admitted
1509,2362,105,2026-04-24,2026-05-15,Admitted
1510,8,212,2026-01-12,2026-03-06,Discharged
1511,2893,282,2025-08-18,2025-11-07,Discharged
1512,2526,219,2026-06-21,2026-07-10,Discharged
1513,2013,247,2025-10-01,2026-02-22,Admitted
1514,3358,26,2025-08-13,2025-10-10,Discharged
1515,274,273,2026-02-20,2026-06-13,Discharged
1516,3897,253,2026-07-13,2026-07-15,Discharged
1517,74,158,2025-08-30,2025-11-12,Admitted
1518,3361,160,2025-12-26,2026-06-02,Discharged
1519,224,219,2025-10-12,2025-11-01,Discharged
1520,1655,26,2025-12-31,2026-04-11,Discharged
1521,1988,199,2025-07-26,2025-10-01,Admitted
1522,3156,210,2026-07-02,2026-07-11,Discharged
1523,2337,25,2026-04-19,2026-06-11,Admitted
1524,4075,158,2025-12-18,2026-02-18,Discharged
1525,369,220,2025-08-25,2026-07-10,Admitted
1526,409,224,2026-05-20,2026-06-25,Discharged
1527,4364,30,2026-01-26,2026-02-09,Discharged
1528,4670,238,2026-05-19,2026-05-30,Admitted
1529,1583,32,2026-03-31,2026-05-16,Admitted
1530,2451,300,2025-08-02,2026-07-21,Discharged
1531,2413,157,2026-07-03,2026-07-14,Admitted
1532,2930,115,2026-02-06,2026-02-16,Admitted
1533,1425,209,2025-10-29,2026-05-03,Admitted
1534,4039,243,2026-06-20,2026-06-24,Discharged
1535,138,115,2025-09-28,2025-12-23,Admitted
1536,4138,99,2025-08-19,2026-04-11,Admitted
1537,672,103,2025-09-05,2025-09-25,Admitted
1538,2908,10,2025-12-11,2026-07-10,Admitted
1539,1353,227,2026-04-02,2026-06-27,Admitted
1540,2487,158,2025-10-14,2026-04-20,Admitted
1541,1286,2,2025-11-30,2026-06-02,Discharged
1542,1064,23,2026-01-10,2026-03-17,Discharged
1543,3165,151,2025-09-08,2026-07-16,Discharged
1544,735,78,2026-01-30,2026-04-26,Discharged
1545,1702,215,2025-09-16,2025-11-14,Discharged
1546,2155,192,2025-11-01,2026-03-23,Discharged
1547,2720,291,2025-09-28,2026-01-11,Admitted
1548,4656,185,2025-11-25,2026-01-31,Admitted
1549,3556,142,2025-08-05,2026-06-10,Discharged
1550,3439,133,2026-03-17,2026-05-21,Discharged
1551,445,297,2026-01-04,2026-05-31,Discharged
1552,242,195,2025-09-15,2026-06-25,Discharged
1553,242,117,2025-12-01,2025-12-21,Admitted
1554,3830,235,2025-09-11,2026-06-04,Admitted
1555,3604,201,2026-01-05,2026-06-10,Discharged
1556,3167,26,2026-04-27,2026-07-04,Admitted
1557,4784,147,2025-08-21,2026-06-07,Discharged
1558,680,52,2025-10-06,2025-10-15,Discharged
1559,3207,172,2025-08-19,2026-05-31,Discharged
1560,1139,16,2026-06-27,2026-07-04,Admitted
1561,1251,255,2025-08-17,2026-01-10,Admitted
1562,4706,299,2025-12-11,2026-02-06,Admitted
1563,407,55,2026-05-31,2026-06-13,Discharged
1564,4682,172,2025-08-01,2025-10-03,Discharged
1565,420,255,2026-06-03,2026-07-07,Discharged
1566,997,216,2025-09-14,2026-05-03,Discharged
1567,4954,132,2025-09-23,2026-07-21,Discharged
1568,489,263,2025-10-01,2026-02-25,Admitted
1569,1356,166,2026-05-10,2026-05-22,Discharged
1570,811,175,2026-02-11,2026-06-26,Admitted
1571,33,68,2026-06-08,2026-06-19,Discharged
1572,4624,125,2026-06-28,2026-07-05,Discharged
1573,2602,259,2026-03-05,2026-03-13,Discharged
1574,1231,276,2025-09-28,2025-10-09,Discharged
1575,148,78,2025-09-06,2026-01-04,Discharged
1576,4742,152,2025-09-16,2026-04-30,Admitted
1577,4460,202,2026-07-09,2026-07-23,Admitted
1578,699,77,2026-03-10,2026-07-05,Admitted
1579,4982,127,2026-04-05,2026-04-17,Admitted
1580,4286,292,2025-09-13,2026-07-23,Admitted
1581,827,200,2026-03-08,2026-03-09,Admitted
1582,3688,235,2025-09-05,2025-12-16,Discharged
1583,2364,20,2025-10-07,2026-01-02,Discharged
1584,3923,194,2026-02-13,2026-03-27,Discharged
1585,1643,269,2026-01-20,2026-05-06,Admitted
1586,409,293,2026-01-23,2026-04-07,Admitted
1587,2012,11,2025-12-13,2026-01-02,Admitted
1588,259,45,2025-10-27,2026-01-07,Discharged
1589,1177,45,2026-05-15,2026-06-08,Discharged
1590,2114,247,2025-08-21,2025-09-15,Admitted
1591,2711,193,2025-10-29,2026-05-30,Discharged
1592,3174,22,2026-05-13,2026-06-25,Discharged
1593,1371,205,2026-04-28,2026-07-14,Admitted
1594,4362,69,2025-10-14,2025-10-21,Discharged
1595,4491,270,2025-11-06,2026-05-29,Admitted
1596,1031,223,2025-10-09,2026-07-14,Admitted
1597,1084,120,2026-07-09,2026-07-14,Admitted
1598,4181,85,2025-08-04,2025-12-24,Discharged
1599,1644,261,2026-01-26,2026-06-16,Admitted
1600,3079,210,2025-09-02,2025-12-10,Discharged
1601,2667,228,2025-08-17,2025-11-30,Discharged
1602,1865,104,2025-11-21,2026-07-08,Admitted
1603,295,108,2026-01-23,2026-03-10,Admitted
1604,2588,98,2025-12-13,2026-03-04,Discharged
1605,4967,242,2026-05-29,2026-06-25,Admitted
1606,2640,180,2026-05-02,2026-05-18,Admitted
1607,3958,25,2026-01-19,2026-06-24,Admitted
1608,3673,153,2025-10-08,2025-11-01,Discharged
1609,2018,91,2026-05-31,2026-07-21,Discharged
1610,4383,173,2025-11-26,2025-12-15,Discharged
1611,3989,281,2026-01-20,2026-05-15,Admitted
1612,2294,190,2025-11-07,2026-03-20,Admitted
1613,2824,49,2026-06-19,2026-07-06,Admitted
1614,1791,206,2025-11-01,2026-05-11,Admitted
1615,432,289,2025-09-29,2025-10-28,Discharged
1616,3935,281,2025-09-20,2026-01-18,Discharged
1617,1434,282,2025-11-15,2026-01-20,Admitted
1618,4177,18,2025-09-07,2026-03-02,Admitted
1619,1052,241,2026-03-31,2026-05-29,Admitted
1620,4285,273,2026-06-19,2026-06-26,Admitted
1621,461,82,2026-07-07,2026-07-20,Admitted
1622,3671,70,2026-06-22,2026-07-18,Admitted
1623,3765,178,2025-11-02,2026-03-31,Discharged
1624,3583,66,2025-09-11,2025-12-05,Admitted
1625,2330,113,2026-07-21,2026-07-23,Admitted
1626,3853,212,2026-07-09,2026-07-19,Admitted
1627,1642,59,2026-02-22,2026-03-18,Admitted
1628,1661,223,2026-01-12,2026-01-28,Discharged
1629,2193,54,2025-10-18,2026-02-06,Discharged
1630,763,31,2025-09-23,2026-05-29,Discharged
1631,4387,62,2026-06-23,2026-06-29,Discharged
1632,1715,126,2025-08-19,2025-12-06,Admitted
1633,2135,50,2026-05-23,2026-07-16,Admitted
1634,795,280,2026-05-20,2026-06-19,Discharged
1635,4207,145,2026-03-07,2026-04-07,Admitted
1636,311,208,2025-08-22,2026-05-11,Admitted
1637,2124,219,2026-04-05,2026-05-29,Discharged
1638,4560,51,2026-05-29,2026-07-15,Admitted
1639,3247,84,2026-03-16,2026-04-11,Discharged
1640,1093,272,2026-06-28,2026-06-30,Discharged
1641,3759,121,2026-07-09,2026-07-17,Admitted
1642,537,44,2025-10-30,2026-07-23,Discharged
1643,3379,54,2026-05-08,2026-07-07,Discharged
1644,2649,167,2025-11-03,2026-05-02,Discharged
1645,4714,273,2026-03-14,2026-03-31,Discharged
1646,3249,123,2026-04-14,2026-07-05,Discharged
1647,3088,35,2026-05-02,2026-05-09,Admitted
1648,2590,175,2025-11-24,2026-04-19,Admitted
1649,2045,253,2025-08-29,2025-12-09,Admitted
1650,1427,248,2025-09-09,2026-06-17,Admitted
1651,394,170,2026-06-14,2026-07-20,Discharged
1652,2225,242,2026-04-16,2026-06-26,Admitted
1653,1505,111,2026-02-02,2026-03-12,Discharged
1654,2400,90,2026-03-13,2026-06-06,Discharged
1655,2707,142,2026-05-29,2026-06-24,Admitted
1656,3452,84,2025-07-24,2026-01-17,Discharged
1657,3088,103,2026-03-14,2026-07-01,Discharged
1658,2261,277,2026-05-13,2026-06-27,Admitted
1659,2964,188,2026-06-30,2026-07-03,Admitted
1660,350,228,2025-12-26,2026-01-25,Discharged
1661,4201,234,2025-08-02,2026-03-02,Discharged
1662,3050,247,2025-09-27,2025-12-25,Discharged
1663,255,117,2026-05-11,2026-07-21,Admitted
1664,4418,26,2026-01-23,2026-07-19,Admitted
1665,367,57,2025-08-26,2026-04-22,Discharged
1666,2548,7,2026-04-12,2026-07-01,Admitted
1667,1710,229,2026-06-04,2026-07-01,Admitted
1668,2821,257,2025-11-06,2026-04-01,Discharged
1669,3543,171,2025-08-17,2025-10-17,Admitted
1670,4315,262,2026-07-05,2026-07-07,Discharged
1671,1667,161,2026-05-24,2026-06-02,Admitted
1672,3407,259,2026-02-10,2026-03-18,Discharged
1673,2774,72,2026-01-06,2026-02-08,Admitted
1674,1871,114,2025-11-27,2026-03-09,Discharged
1675,4383,179,2025-09-29,2026-02-10,Discharged
1676,3579,88,2026-05-30,2026-06-13,Admitted
1677,3152,199,2026-05-31,2026-07-14,Admitted
1678,1013,167,2026-04-26,2026-06-11,Admitted
1679,2939,121,2026-01-12,2026-05-12,Discharged
1680,2144,118,2025-07-29,2026-07-07,Admitted
1681,866,215,2025-12-03,2026-01-10,Admitted
1682,1375,91,2025-08-06,2026-02-10,Discharged
1683,3751,68,2026-04-24,2026-06-27,Discharged
1684,1997,56,2025-07-30,2026-04-22,Admitted
1685,3404,44,2026-05-06,2026-05-27,Discharged
1686,4447,224,2025-12-08,2026-01-11,Discharged
1687,1116,176,2026-07-05,2026-07-20,Discharged
1688,4080,84,2025-08-04,2026-07-21,Discharged
1689,908,261,2025-12-08,2026-05-27,Discharged
1690,4594,113,2025-10-08,2026-03-14,Discharged
1691,3935,295,2025-12-22,2026-04-18,Admitted
1692,4435,111,2025-12-17,2026-02-26,Discharged
1693,1431,62,2026-02-15,2026-04-20,Discharged
1694,3083,197,2026-04-26,2026-05-31,Admitted
1695,3765,65,2025-11-27,2026-07-20,Admitted
1696,3014,168,2026-07-22,2026-07-23,Discharged
1697,703,213,2026-03-21,2026-04-22,Admitted
1698,3741,65,2026-01-23,2026-03-17,Discharged
1699,1320,69,2025-11-05,2025-12-18,Admitted
1700,9,86,2026-07-11,2026-07-23,Admitted
1701,3029,251,2026-01-20,2026-06-13,Discharged
1702,1147,80,2026-05-02,2026-06-11,Admitted
1703,4394,72,2026-01-20,2026-02-07,Discharged
1704,607,233,2026-01-02,2026-06-22,Discharged
1705,4997,238,2025-12-06,2026-04-25,Discharged
1706,25,297,2026-03-16,2026-06-25,Admitted
1707,47,208,2025-11-03,2025-12-15,Admitted
1708,3224,6,2025-10-25,2026-04-15,Discharged
1709,3349,235,2026-04-07,2026-06-04,Discharged
1710,4515,112,2026-01-21,2026-03-23,Discharged
1711,2954,12,2026-02-23,2026-04-09,Admitted
1712,3544,50,2026-03-18,2026-04-19,Admitted
1713,2890,170,2026-03-26,2026-06-29,Admitted
1714,3001,200,2026-03-05,2026-05-20,Admitted
1715,370,85,2026-04-22,2026-06-19,Discharged
1716,2861,263,2025-12-30,2026-07-04,Discharged
1717,1087,124,2026-04-11,2026-06-14,Admitted
1718,3619,286,2025-12-21,2026-05-28,Discharged
1719,2538,222,2025-07-28,2026-03-26,Admitted
1720,3563,38,2026-01-06,2026-04-01,Discharged
1721,1065,1,2025-09-04,2026-05-22,Admitted
1722,2568,139,2025-12-28,2026-01-29,Discharged
1723,3360,80,2026-04-03,2026-06-10,Discharged
1724,3330,37,2026-07-18,2026-07-20,Discharged
1725,2393,20,2026-04-06,2026-07-20,Discharged
1726,2406,37,2025-08-31,2025-10-15,Admitted
1727,2377,233,2026-02-20,2026-06-05,Discharged
1728,1565,205,2026-01-31,2026-04-24,Admitted
1729,3580,148,2025-10-19,2026-06-30,Admitted
1730,751,68,2026-04-09,2026-07-11,Admitted
1731,1964,186,2026-06-11,2026-07-04,Admitted
1732,525,213,2026-04-03,2026-06-14,Discharged
1733,4456,278,2026-02-03,2026-06-19,Admitted
1734,1408,226,2025-08-07,2026-04-04,Admitted
1735,3062,266,2025-11-14,2026-03-23,Discharged
1736,2626,107,2025-09-21,2026-02-25,Admitted
1737,3746,36,2026-02-03,2026-04-08,Admitted
1738,4925,84,2026-04-17,2026-04-25,Admitted
1739,4914,134,2026-05-25,2026-06-15,Admitted
1740,2962,147,2025-11-20,2026-05-08,Discharged
1741,249,158,2025-08-05,2026-04-25,Admitted
1742,4457,234,2026-05-03,2026-07-11,Discharged
1743,604,147,2025-10-19,2026-01-02,Admitted
1744,139,206,2026-05-29,2026-06-27,Discharged
1745,4727,260,2026-01-14,2026-05-04,Discharged
1746,154,233,2026-06-07,2026-07-02,Admitted
1747,3683,89,2025-09-22,2025-10-04,Admitted
1748,3974,94,2026-06-14,2026-06-19,Admitted
1749,4808,260,2026-02-12,2026-03-12,Admitted
1750,3363,239,2025-10-05,2026-02-05,Admitted
1751,3868,68,2025-12-06,2026-03-04,Discharged
1752,1963,211,2026-05-01,2026-05-15,Admitted
1753,3885,155,2025-12-01,2026-01-26,Admitted
1754,89,154,2026-01-17,2026-05-15,Discharged
1755,2093,6,2026-05-21,2026-07-13,Discharged
1756,3980,201,2026-04-10,2026-05-27,Discharged
1757,728,209,2026-02-24,2026-05-03,Admitted
1758,2865,75,2026-05-16,2026-06-30,Admitted
1759,749,88,2025-12-23,2026-04-18,Discharged
1760,2321,126,2026-04-16,2026-06-19,Discharged
1761,1004,169,2026-04-15,2026-06-24,Admitted
1762,3639,204,2026-05-09,2026-07-04,Discharged
1763,26,255,2025-08-23,2026-07-13,Admitted
1764,3455,296,2026-02-11,2026-05-02,Discharged
1765,898,62,2025-12-16,2026-03-19,Admitted
1766,1769,300,2025-12-30,2026-03-16,Admitted
1767,2308,15,2025-08-30,2025-12-30,Discharged
1768,494,79,2025-10-08,2025-11-16,Discharged
1769,296,132,2026-02-08,2026-02-28,Admitted
1770,3619,272,2025-11-05,2025-11-16,Discharged
1771,1410,282,2025-12-31,2026-05-21,Discharged
1772,3269,261,2026-05-10,2026-05-21,Admitted
1773,568,299,2025-09-22,2026-03-13,Discharged
1774,2533,232,2026-02-16,2026-05-05,Admitted
1775,4130,230,2026-02-25,2026-04-30,Admitted
1776,2063,293,2025-12-22,2026-03-06,Discharged
1777,4437,206,2026-06-18,2026-07-20,Admitted
1778,97,7,2025-12-26,2026-07-06,Admitted
1779,133,211,2025-08-30,2026-03-15,Discharged
1780,564,233,2026-03-02,2026-05-17,Admitted
1781,912,26,2026-03-25,2026-06-26,Discharged
1782,3984,292,2026-03-11,2026-03-29,Discharged
1783,1251,258,2025-12-20,2026-04-03,Discharged
1784,355,41,2026-06-17,2026-06-21,Admitted
1785,2196,5,2026-01-10,2026-05-18,Discharged
1786,468,9,2026-02-22,2026-06-21,Discharged
1787,4963,119,2026-01-11,2026-06-28,Discharged
1788,4051,120,2025-08-06,2026-06-01,Discharged
1789,791,196,2026-03-25,2026-06-15,Admitted
1790,882,96,2025-08-26,2025-09-15,Discharged
1791,4991,275,2026-02-04,2026-07-14,Discharged
1792,934,24,2025-07-26,2026-01-26,Admitted
1793,10,95,2026-06-27,2026-07-01,Admitted
1794,4172,146,2026-06-12,2026-07-22,Discharged
1795,1708,87,2025-11-29,2026-03-20,Discharged
1796,579,121,2025-12-12,2026-02-03,Discharged
1797,2140,85,2026-03-11,2026-07-06,Discharged
1798,962,94,2026-05-29,2026-06-02,Discharged
1799,1661,179,2025-08-06,2026-04-21,Admitted
1800,711,255,2026-07-22,2026-07-22,Admitted
1801,3862,163,2025-08-17,2025-11-30,Discharged
1802,4823,260,2026-03-03,2026-05-06,Discharged
1803,3249,145,2025-08-24,2025-12-29,Admitted
1804,4788,29,2026-05-23,2026-06-30,Admitted
1805,185,277,2025-08-08,2026-05-15,Discharged
1806,965,60,2026-05-27,2026-05-30,Discharged
1807,2675,123,2025-11-29,2026-04-26,Discharged
1808,4012,141,2026-01-24,2026-02-06,Admitted
1809,3183,232,2025-09-09,2026-07-22,Discharged
1810,1418,163,2026-03-20,2026-07-17,Discharged
1811,4403,296,2025-08-08,2025-08-28,Discharged
1812,3336,215,2025-11-13,2026-01-30,Discharged
1813,310,9,2026-07-19,2026-07-22,Admitted
1814,3593,109,2025-10-10,2025-12-30,Discharged
1815,1331,2,2026-06-29,2026-07-08,Discharged
1816,4631,185,2025-11-16,2025-12-30,Discharged
1817,3606,224,2026-03-02,2026-03-11,Discharged
1818,349,193,2026-02-06,2026-03-17,Admitted
1819,3475,100,2025-10-10,2025-11-24,Discharged
1820,2351,258,2025-09-17,2025-12-28,Admitted
1821,929,209,2026-03-22,2026-04-11,Discharged
1822,1239,29,2025-11-08,2025-11-20,Admitted
1823,2501,130,2026-02-19,2026-05-06,Discharged
1824,2510,168,2026-02-04,2026-06-06,Admitted
1825,4294,6,2026-03-31,2026-05-17,Discharged
1826,3345,161,2026-04-30,2026-07-15,Discharged
1827,3466,96,2026-06-25,2026-07-13,Admitted
1828,1101,229,2026-05-10,2026-05-23,Admitted
1829,3415,217,2026-02-25,2026-06-07,Admitted
1830,2351,76,2025-10-03,2025-10-27,Admitted
1831,785,144,2026-04-12,2026-05-08,Admitted
1832,3902,283,2025-09-25,2026-06-05,Admitted
1833,4436,155,2026-05-16,2026-06-02,Admitted
1834,1511,98,2026-05-22,2026-07-17,Admitted
1835,3509,280,2025-07-29,2026-01-30,Discharged
1836,4583,97,2025-10-14,2025-11-13,Admitted
1837,161,210,2025-08-31,2025-11-12,Discharged
1838,251,105,2025-12-26,2026-02-24,Admitted
1839,2651,201,2025-08-21,2026-02-25,Admitted
1840,4728,80,2025-09-24,2026-01-11,Discharged
1841,679,73,2025-12-10,2026-05-17,Admitted
1842,3168,137,2025-10-17,2026-07-01,Admitted
1843,1797,266,2026-02-09,2026-06-28,Admitted
1844,1055,14,2025-09-30,2025-11-18,Discharged
1845,230,25,2025-07-29,2026-05-29,Discharged
1846,3579,100,2026-02-12,2026-05-26,Admitted
1847,444,81,2025-10-20,2026-06-28,Admitted
1848,561,270,2026-02-22,2026-03-12,Admitted
1849,1121,187,2026-05-05,2026-06-26,Discharged
1850,411,11,2026-02-21,2026-07-02,Admitted
1851,1044,128,2026-02-02,2026-04-11,Discharged
1852,3334,10,2026-04-01,2026-06-16,Admitted
1853,3941,293,2025-08-05,2025-08-06,Discharged
1854,1410,91,2026-07-14,2026-07-18,Discharged
1855,3312,212,2026-05-29,2026-07-17,Discharged
1856,3238,278,2026-05-26,2026-07-03,Admitted
1857,3511,157,2026-07-17,2026-07-23,Discharged
1858,4502,125,2025-10-18,2026-03-19,Admitted
1859,138,296,2025-09-14,2026-01-18,Admitted
1860,4662,143,2025-12-24,2026-04-02,Admitted
1861,2731,56,2026-05-06,2026-05-27,Admitted
1862,2002,158,2025-10-02,2026-01-09,Discharged
1863,339,148,2026-07-16,2026-07-16,Discharged
1864,4289,53,2025-12-14,2026-01-16,Admitted
1865,2089,15,2025-08-25,2026-03-26,Admitted
1866,4274,57,2026-06-09,2026-07-03,Discharged
1867,660,203,2025-11-16,2026-05-16,Discharged
1868,3257,203,2025-11-28,2026-05-18,Discharged
1869,165,225,2026-04-10,2026-05-06,Admitted
1870,3058,177,2026-02-02,2026-05-03,Discharged
1871,2405,65,2025-09-21,2026-07-12,Discharged
1872,1450,277,2025-08-29,2025-12-22,Admitted
1873,3670,260,2026-04-14,2026-07-19,Discharged
1874,4528,184,2026-02-28,2026-04-22,Discharged
1875,3975,295,2026-01-25,2026-01-29,Admitted
1876,3258,277,2026-01-12,2026-02-09,Admitted
1877,571,110,2025-09-11,2026-05-05,Discharged
1878,4493,251,2026-01-06,2026-05-26,Discharged
1879,1654,154,2025-09-21,2026-05-27,Discharged
1880,2388,290,2026-05-04,2026-07-16,Discharged
1881,443,88,2025-08-10,2026-06-06,Discharged
1882,4413,32,2026-03-25,2026-05-19,Discharged
1883,4631,300,2025-12-14,2026-06-19,Discharged
1884,3636,171,2026-02-13,2026-05-26,Discharged
1885,1116,210,2025-11-20,2026-01-19,Admitted
1886,3952,90,2026-05-01,2026-05-04,Admitted
1887,1558,25,2026-03-29,2026-06-13,Admitted
1888,3653,56,2026-04-13,2026-04-26,Admitted
1889,1492,102,2025-08-29,2025-10-20,Discharged
1890,1091,224,2026-04-08,2026-07-15,Admitted
1891,179,110,2025-11-26,2026-06-23,Admitted
1892,3911,273,2026-02-24,2026-07-07,Discharged
1893,2661,101,2026-01-07,2026-02-03,Admitted
1894,4549,230,2026-03-23,2026-06-21,Discharged
1895,3412,293,2026-06-20,2026-07-11,Discharged
1896,4797,74,2025-12-09,2026-06-18,Admitted
1897,2043,209,2025-11-18,2026-07-05,Admitted
1898,3387,153,2026-05-26,2026-07-16,Discharged
1899,3533,76,2026-02-03,2026-07-14,Discharged
1900,513,185,2025-08-22,2026-01-17,Discharged
1901,379,251,2026-03-18,2026-04-09,Discharged
1902,4583,15,2026-07-16,2026-07-16,Admitted
1903,4811,184,2026-02-02,2026-05-04,Discharged
1904,593,211,2025-08-07,2026-03-04,Admitted
1905,2406,288,2026-03-25,2026-04-26,Discharged
1906,1390,246,2025-09-30,2025-12-20,Admitted
1907,957,297,2025-10-23,2026-01-28,Discharged
1908,4408,153,2026-06-24,2026-07-21,Discharged
1909,3525,38,2026-04-12,2026-06-17,Admitted
1910,3,212,2025-10-01,2026-06-04,Admitted
1911,906,262,2026-02-13,2026-05-04,Discharged
1912,384,56,2026-07-14,2026-07-23,Discharged
1913,3722,182,2025-10-12,2026-07-20,Admitted
1914,4451,123,2026-01-19,2026-06-28,Admitted
1915,1510,121,2025-11-29,2026-03-11,Discharged
1916,3757,200,2026-04-22,2026-04-26,Discharged
1917,3648,145,2026-01-16,2026-04-16,Discharged
1918,2759,12,2026-06-07,2026-07-09,Discharged
1919,2132,234,2025-12-01,2026-07-16,Admitted
1920,4754,60,2026-07-17,2026-07-19,Admitted
1921,1269,248,2026-01-25,2026-06-21,Admitted
1922,1349,250,2025-10-03,2026-05-05,Discharged
1923,3239,184,2026-06-02,2026-07-07,Admitted
1924,2305,22,2026-07-12,2026-07-19,Discharged
1925,4833,257,2026-05-12,2026-06-03,Discharged
1926,80,234,2026-03-31,2026-07-17,Admitted
1927,4949,49,2025-08-25,2026-06-15,Admitted
1928,4199,281,2026-02-28,2026-06-16,Admitted
1929,3613,53,2026-01-01,2026-01-29,Discharged
1930,1025,102,2026-03-02,2026-05-10,Admitted
1931,2784,46,2025-12-26,2026-03-19,Admitted
1932,2809,137,2025-12-06,2026-03-04,Discharged
1933,180,290,2025-12-26,2026-05-11,Admitted
1934,854,134,2025-08-27,2026-07-13,Discharged
1935,4208,223,2026-01-01,2026-07-07,Admitted
1936,115,238,2026-05-05,2026-05-13,Discharged
1937,3422,115,2026-01-12,2026-07-19,Discharged
1938,1410,232,2025-12-15,2026-03-29,Discharged
1939,1071,124,2026-05-29,2026-06-09,Discharged
1940,706,79,2026-03-15,2026-05-20,Admitted
1941,2156,241,2025-10-14,2026-05-08,Discharged
1942,3076,255,2025-11-13,2026-07-18,Discharged
1943,4806,162,2025-09-22,2026-05-23,Admitted
1944,2291,37,2025-11-08,2026-06-05,Admitted
1945,1273,89,2026-07-19,2026-07-21,Admitted
1946,740,53,2025-09-11,2026-07-18,Admitted
1947,4468,157,2026-06-15,2026-07-02,Admitted
1948,2253,267,2026-06-24,2026-06-28,Admitted
1949,3802,86,2025-09-02,2025-12-15,Admitted
1950,3796,272,2025-09-02,2025-11-19,Admitted
1951,4737,105,2025-10-28,2025-11-25,Discharged
1952,1024,172,2025-12-06,2026-01-14,Discharged
1953,4661,48,2025-12-11,2026-03-27,Admitted
1954,778,299,2025-09-08,2025-12-21,Discharged
1955,3869,128,2026-01-20,2026-03-25,Admitted
1956,1696,284,2026-05-10,2026-06-19,Admitted
1957,4256,189,2026-02-01,2026-04-08,Admitted
1958,2733,191,2026-07-22,2026-07-23,Admitted
1959,4537,149,2026-07-10,2026-07-10,Admitted
1960,1735,22,2026-05-10,2026-06-03,Discharged
1961,2609,50,2025-08-12,2025-12-19,Admitted
1962,2119,151,2025-09-05,2025-10-11,Admitted
1963,34,188,2026-01-13,2026-02-21,Discharged
1964,1236,157,2026-04-08,2026-05-29,Discharged
1965,3310,147,2026-05-12,2026-07-08,Discharged
1966,1980,119,2026-03-05,2026-04-26,Admitted
1967,3536,215,2025-12-26,2026-06-09,Discharged
1968,3408,275,2026-04-16,2026-05-16,Admitted
1969,2273,164,2025-09-26,2026-07-06,Discharged
1970,3146,257,2026-03-24,2026-07-15,Discharged
1971,373,215,2025-08-14,2026-01-04,Discharged
1972,3786,182,2026-04-22,2026-04-24,Admitted
1973,3936,23,2026-04-30,2026-07-05,Discharged
1974,1559,204,2025-12-29,2026-07-19,Admitted
1975,10,111,2026-02-12,2026-03-26,Admitted
1976,4668,29,2025-08-06,2026-01-03,Admitted
1977,4857,58,2026-01-30,2026-05-27,Discharged
1978,3746,252,2026-04-30,2026-07-16,Discharged
1979,2438,29,2026-07-10,2026-07-14,Admitted
1980,1667,155,2025-10-18,2026-05-25,Admitted
1981,4998,129,2026-07-21,2026-07-21,Discharged
1982,2861,285,2026-04-10,2026-07-01,Discharged
1983,1109,240,2025-10-05,2026-04-14,Discharged
1984,4534,154,2025-12-01,2026-03-29,Admitted
1985,1153,83,2026-04-30,2026-06-07,Admitted
1986,4382,38,2025-08-03,2026-03-15,Discharged
1987,3425,9,2026-06-27,2026-07-21,Admitted
1988,2639,99,2026-03-17,2026-04-17,Discharged
1989,2366,260,2026-06-18,2026-06-21,Discharged
1990,4371,131,2026-06-07,2026-06-16,Admitted
1991,2896,162,2025-09-24,2026-03-19,Discharged
1992,4123,70,2026-02-16,2026-03-25,Admitted
1993,297,119,2026-06-16,2026-07-21,Admitted
1994,2368,230,2025-10-01,2026-06-02,Admitted
1995,3409,106,2026-02-12,2026-06-25,Admitted
1996,2349,262,2025-07-25,2026-03-31,Admitted
1997,1982,233,2025-11-02,2026-01-24,Discharged
1998,4544,259,2025-12-05,2026-01-18,Admitted
1999,750,101,2026-01-26,2026-02-16,Admitted
2000,3659,110,2026-02-19,2026-03-10,Admitted
2001,1574,30,2025-10-26,2026-02-15,Discharged
2002,1553,142,2026-03-19,2026-05-17,Admitted
2003,2623,28,2025-12-10,2026-02-14,Admitted
2004,569,209,2026-04-13,2026-07-03,Admitted
2005,3682,36,2025-12-03,2026-05-23,Admitted
2006,782,167,2026-04-17,2026-04-28,Admitted
2007,3138,117,2025-07-25,2026-06-03,Admitted
2008,2276,9,2026-05-23,2026-07-05,Admitted
2009,4957,37,2026-02-27,2026-04-26,Discharged
2010,3076,240,2026-06-10,2026-06-14,Admitted
2011,612,48,2026-06-07,2026-06-28,Admitted
2012,631,15,2026-01-06,2026-05-26,Admitted
2013,3749,162,2026-04-25,2026-07-23,Discharged
2014,255,254,2025-09-07,2026-07-08,Admitted
2015,675,8,2026-06-17,2026-06-22,Discharged
2016,4601,130,2025-11-05,2026-06-01,Discharged
2017,1595,49,2025-08-08,2026-07-21,Discharged
2018,2990,13,2026-05-18,2026-07-18,Admitted
2019,2743,71,2026-01-06,2026-07-06,Discharged
2020,519,33,2026-03-22,2026-06-19,Discharged
2021,541,71,2025-12-06,2026-01-28,Discharged
2022,1639,153,2025-09-07,2025-10-21,Discharged
2023,891,225,2026-01-11,2026-04-29,Discharged
2024,185,222,2026-03-18,2026-05-18,Admitted
2025,1210,115,2025-07-31,2026-04-10,Discharged
2026,1013,270,2026-05-23,2026-06-07,Discharged
2027,1946,47,2026-07-14,2026-07-14,Admitted
2028,2573,255,2025-09-16,2025-11-18,Discharged
2029,3529,80,2026-02-12,2026-02-28,Discharged
2030,2758,260,2026-05-11,2026-06-22,Admitted
2031,3933,175,2026-02-19,2026-06-14,Discharged
2032,3754,203,2026-03-25,2026-07-12,Admitted
2033,3892,133,2026-01-22,2026-04-17,Admitted
2034,3890,46,2026-02-27,2026-05-07,Admitted
2035,1387,17,2026-05-06,2026-05-30,Discharged
2036,3722,264,2026-03-20,2026-06-11,Admitted
2037,1715,154,2026-02-16,2026-07-10,Admitted
2038,4958,206,2025-12-15,2026-02-15,Discharged
2039,3531,50,2026-03-14,2026-06-18,Discharged
2040,2559,57,2026-02-05,2026-03-05,Discharged
2041,4187,212,2026-03-10,2026-05-03,Admitted
2042,3957,148,2026-07-14,2026-07-22,Admitted
2043,3031,131,2026-07-11,2026-07-15,Admitted
2044,4913,28,2025-11-18,2026-05-26,Discharged
2045,1605,262,2025-10-15,2026-07-13,Discharged
2046,3603,295,2025-08-17,2026-07-04,Admitted
2047,622,149,2026-02-04,2026-04-13,Discharged
2048,1837,89,2026-03-29,2026-06-09,Admitted
2049,3547,246,2026-02-08,2026-07-01,Admitted
2050,4389,88,2025-10-27,2026-07-09,Admitted
2051,4947,219,2025-09-02,2026-03-24,Admitted
2052,3549,295,2025-11-23,2026-02-10,Admitted
2053,1982,155,2026-04-25,2026-07-16,Discharged
2054,4022,6,2025-10-01,2026-06-08,Admitted
2055,1456,113,2025-09-12,2025-11-20,Admitted
2056,1328,225,2026-04-20,2026-06-22,Admitted
2057,938,61,2026-03-09,2026-03-10,Discharged
2058,1057,298,2025-11-20,2026-06-21,Admitted
2059,2900,295,2025-12-10,2026-06-03,Discharged
2060,2820,57,2025-11-02,2026-07-09,Discharged
2061,2840,119,2026-01-17,2026-02-04,Discharged
2062,4586,45,2026-04-15,2026-07-19,Discharged
2063,3445,167,2025-09-11,2026-04-17,Admitted
2064,1163,227,2026-04-21,2026-05-07,Discharged
2065,3692,277,2026-04-29,2026-05-14,Admitted
2066,1608,32,2026-03-13,2026-07-08,Discharged
2067,2334,137,2026-04-24,2026-05-22,Discharged
2068,3454,179,2026-01-25,2026-06-14,Discharged
2069,633,294,2025-08-30,2025-11-20,Discharged
2070,1821,157,2026-03-19,2026-04-24,Discharged
2071,3405,19,2025-08-04,2025-12-14,Admitted
2072,1436,263,2025-10-09,2026-02-01,Discharged
2073,2177,241,2025-12-18,2026-02-20,Admitted
2074,2212,134,2025-07-28,2026-02-20,Admitted
2075,1984,238,2026-02-10,2026-04-23,Discharged
2076,4287,212,2025-10-26,2026-01-16,Discharged
2077,557,276,2025-11-23,2026-03-12,Discharged
2078,3479,88,2025-09-29,2026-06-12,Admitted
2079,2761,193,2026-04-06,2026-04-08,Admitted
2080,3803,88,2025-09-09,2026-06-06,Discharged
2081,1884,196,2026-01-17,2026-03-25,Discharged
2082,4411,148,2026-03-12,2026-07-05,Discharged
2083,620,165,2025-12-07,2026-04-16,Admitted
2084,121,244,2026-01-10,2026-07-18,Admitted
2085,1823,181,2025-11-30,2025-12-12,Discharged
2086,2111,108,2026-01-12,2026-07-01,Admitted
2087,1159,213,2026-03-28,2026-06-10,Admitted
2088,4566,28,2025-12-30,2026-04-13,Discharged
2089,427,92,2026-04-02,2026-05-28,Admitted
2090,33,56,2025-12-22,2026-05-05,Discharged
2091,3037,1,2026-03-26,2026-06-23,Discharged
2092,300,229,2026-04-06,2026-04-29,Admitted
2093,2579,84,2026-01-29,2026-05-01,Admitted
2094,1257,151,2025-09-18,2026-05-28,Admitted
2095,2425,14,2025-09-05,2026-01-07,Admitted
2096,2786,50,2025-09-28,2026-07-02,Discharged
2097,1573,224,2025-11-04,2026-02-08,Discharged
2098,3262,153,2025-08-02,2025-10-27,Discharged
2099,1386,156,2025-12-22,2026-06-23,Discharged
2100,3633,275,2026-04-12,2026-05-06,Admitted
2101,3955,35,2026-01-30,2026-02-25,Discharged
2102,3414,6,2026-03-24,2026-06-02,Admitted
2103,2316,143,2026-01-05,2026-07-04,Discharged
2104,4793,140,2026-03-10,2026-07-08,Discharged
2105,46,145,2026-01-27,2026-05-04,Discharged
2106,4702,197,2026-04-07,2026-06-17,Discharged
2107,3440,65,2026-02-16,2026-07-16,Discharged
2108,585,89,2026-05-30,2026-07-15,Admitted
2109,4042,191,2025-08-07,2025-11-15,Admitted
2110,402,32,2025-12-22,2026-06-19,Admitted
2111,2070,91,2025-10-13,2025-11-07,Discharged
2112,883,245,2026-05-28,2026-07-02,Admitted
2113,2929,166,2026-05-12,2026-05-28,Discharged
2114,1303,185,2026-07-03,2026-07-04,Admitted
2115,4616,270,2025-12-21,2026-01-05,Admitted
2116,2827,223,2025-09-17,2026-03-25,Admitted
2117,4816,36,2026-06-02,2026-07-07,Admitted
2118,2886,194,2025-10-17,2026-03-28,Admitted
2119,4508,185,2026-05-12,2026-07-02,Discharged
2120,4246,83,2026-05-15,2026-06-16,Discharged
2121,3655,36,2026-04-03,2026-05-05,Admitted
2122,3771,38,2025-10-12,2025-12-23,Discharged
2123,1314,92,2025-08-12,2025-11-04,Admitted
2124,3815,239,2026-07-13,2026-07-20,Discharged
2125,800,132,2026-03-01,2026-04-24,Discharged
2126,1213,74,2026-06-09,2026-06-29,Admitted
2127,2378,148,2026-07-11,2026-07-11,Discharged
2128,493,8,2026-03-10,2026-03-23,Admitted
2129,3019,251,2026-03-30,2026-05-26,Discharged
2130,4249,169,2025-11-24,2026-07-07,Admitted
2131,4378,280,2025-11-24,2025-12-22,Admitted
2132,4343,223,2026-04-22,2026-05-28,Admitted
2133,3986,194,2025-08-06,2025-11-04,Admitted
2134,1725,296,2026-06-05,2026-06-12,Discharged
2135,4231,285,2026-03-08,2026-04-25,Discharged
2136,2605,250,2025-10-31,2026-03-01,Discharged
2137,3845,246,2025-10-18,2026-02-21,Discharged
2138,4928,258,2026-02-22,2026-06-18,Discharged
2139,778,154,2025-12-14,2026-05-22,Discharged
2140,3342,22,2025-09-18,2025-10-28,Admitted
2141,3410,25,2026-03-06,2026-04-19,Admitted
2142,461,121,2026-05-21,2026-07-19,Discharged
2143,1801,283,2026-06-30,2026-07-12,Discharged
2144,1324,138,2026-06-02,2026-07-19,Discharged
2145,4238,9,2026-03-20,2026-03-30,Discharged
2146,4083,251,2025-12-01,2026-04-15,Admitted
2147,1078,94,2025-11-26,2026-07-09,Discharged
2148,3860,198,2026-02-07,2026-06-29,Admitted
2149,1260,48,2026-06-03,2026-06-11,Discharged
2150,861,229,2026-03-21,2026-05-04,Admitted
2151,3012,14,2026-03-04,2026-04-13,Admitted
2152,1612,257,2026-05-23,2026-07-12,Admitted
2153,206,137,2026-04-07,2026-07-12,Admitted
2154,746,40,2026-05-13,2026-06-02,Admitted
2155,3650,149,2026-03-02,2026-06-02,Admitted
2156,3944,195,2025-07-23,2026-03-28,Admitted
2157,4383,140,2026-01-13,2026-05-01,Discharged
2158,2241,45,2026-05-16,2026-07-07,Admitted
2159,677,221,2026-02-20,2026-04-08,Discharged
2160,365,89,2025-12-08,2026-06-11,Admitted
2161,3098,199,2025-12-16,2026-05-15,Admitted
2162,2458,42,2025-12-15,2026-03-13,Discharged
2163,2155,196,2026-07-13,2026-07-14,Discharged
2164,2329,73,2026-04-21,2026-06-25,Admitted
2165,4491,141,2025-07-31,2025-08-05,Admitted
2166,4676,250,2026-02-08,2026-02-12,Admitted
2167,1628,246,2025-08-10,2026-03-29,Admitted
2168,40,83,2026-01-18,2026-07-17,Discharged
2169,3357,44,2025-12-02,2026-06-29,Discharged
2170,238,163,2026-05-30,2026-06-06,Discharged
2171,1117,17,2026-06-29,2026-07-01,Admitted
2172,1693,23,2025-09-11,2026-01-06,Discharged
2173,2031,279,2025-09-20,2026-03-14,Admitted
2174,2661,239,2025-11-22,2026-03-21,Discharged
2175,2921,38,2026-02-18,2026-05-18,Admitted
2176,3952,170,2025-08-04,2026-05-10,Discharged
2177,1122,46,2025-10-09,2026-06-26,Admitted
2178,4263,167,2025-11-07,2026-05-22,Discharged
2179,2113,116,2026-01-04,2026-01-21,Discharged
2180,3299,5,2026-05-28,2026-06-13,Discharged
2181,4183,204,2025-12-12,2026-04-16,Admitted
2182,2920,208,2025-10-23,2026-07-08,Admitted
2183,731,78,2026-06-22,2026-07-08,Discharged
2184,1245,66,2026-05-27,2026-06-13,Discharged
2185,4796,240,2026-03-02,2026-03-20,Admitted
2186,870,186,2025-09-16,2025-09-25,Discharged
2187,4022,26,2025-12-18,2026-06-06,Admitted
2188,2064,121,2026-04-27,2026-06-17,Admitted
2189,1212,103,2026-04-17,2026-06-22,Admitted
2190,2060,91,2026-05-17,2026-06-21,Discharged
2191,632,105,2026-03-14,2026-04-09,Discharged
2192,1708,238,2026-05-28,2026-06-06,Admitted
2193,3461,198,2026-01-03,2026-06-17,Discharged
2194,3704,273,2025-09-08,2026-01-21,Discharged
2195,4715,22,2026-01-06,2026-04-04,Admitted
2196,1360,13,2026-06-19,2026-07-01,Discharged
2197,4548,138,2025-09-04,2026-06-17,Discharged
2198,4860,127,2026-07-01,2026-07-06,Discharged
2199,738,119,2026-04-28,2026-05-06,Discharged
2200,4308,127,2025-09-29,2026-07-05,Discharged
2201,3719,164,2025-08-29,2025-11-04,Discharged
2202,172,165,2026-06-05,2026-06-24,Discharged
2203,514,185,2026-01-24,2026-04-20,Admitted
2204,1030,136,2026-02-20,2026-04-26,Discharged
2205,2841,61,2026-03-08,2026-05-18,Discharged
2206,3381,154,2026-01-22,2026-06-18,Admitted
2207,2198,166,2025-11-12,2026-02-24,Admitted
2208,3776,182,2026-02-06,2026-04-09,Discharged
2209,1094,272,2026-03-10,2026-06-19,Discharged
2210,4303,293,2026-05-10,2026-05-28,Admitted
2211,3103,277,2025-07-25,2025-12-05,Admitted
2212,1746,131,2025-09-05,2026-04-20,Admitted
2213,1552,230,2025-12-06,2026-02-09,Admitted
2214,4057,37,2026-06-19,2026-06-21,Admitted
2215,2967,167,2026-02-11,2026-05-30,Admitted
2216,2436,160,2026-01-25,2026-02-24,Discharged
2217,3959,33,2025-09-10,2025-09-11,Admitted
2218,4669,187,2025-10-16,2025-12-04,Discharged
2219,4831,79,2026-01-20,2026-06-16,Admitted
2220,726,53,2026-06-28,2026-07-05,Admitted
2221,517,203,2026-01-12,2026-07-04,Discharged
2222,1663,111,2026-03-01,2026-04-02,Admitted
2223,1274,57,2025-12-20,2026-07-20,Admitted
2224,2214,21,2026-05-06,2026-07-19,Admitted
2225,1928,163,2025-11-05,2026-07-20,Discharged
2226,1997,243,2025-12-21,2026-05-16,Discharged
2227,3674,116,2026-04-26,2026-05-18,Admitted
2228,336,265,2025-07-23,2026-06-29,Discharged
2229,3654,29,2026-06-08,2026-06-17,Discharged
2230,3033,74,2025-08-24,2026-07-12,Admitted
2231,1919,143,2025-12-12,2026-01-31,Discharged
2232,1567,233,2026-05-29,2026-06-15,Discharged
2233,2430,113,2026-01-30,2026-06-14,Admitted
2234,2142,228,2026-05-08,2026-07-04,Discharged
2235,3712,1,2026-04-10,2026-07-23,Admitted
2236,2028,214,2025-09-20,2025-10-23,Discharged
2237,3400,38,2025-08-31,2025-12-13,Discharged
2238,814,197,2025-09-30,2026-03-17,Discharged
2239,2027,65,2025-08-11,2026-02-12,Admitted
2240,3160,63,2026-04-03,2026-07-07,Admitted
2241,2999,177,2025-11-03,2026-05-11,Discharged
2242,3872,151,2025-08-05,2026-03-05,Admitted
2243,2753,54,2025-12-21,2026-07-17,Admitted
2244,1786,63,2026-02-08,2026-07-23,Admitted
2245,1123,167,2026-02-24,2026-04-12,Admitted
2246,3759,7,2025-07-23,2025-10-31,Admitted
2247,2099,149,2026-06-27,2026-07-02,Discharged
2248,2448,208,2026-04-26,2026-06-12,Admitted
2249,497,267,2026-07-07,2026-07-18,Discharged
2250,756,91,2026-04-19,2026-05-17,Admitted
2251,2365,82,2026-04-13,2026-06-07,Admitted
2252,1642,181,2026-04-14,2026-06-03,Discharged
2253,731,165,2025-12-01,2026-06-10,Admitted
2254,534,143,2026-06-08,2026-06-24,Admitted
2255,3127,67,2026-04-16,2026-05-07,Admitted
2256,50,224,2026-05-17,2026-06-03,Admitted
2257,988,1,2026-05-05,2026-07-10,Admitted
2258,1784,3,2026-07-10,2026-07-11,Discharged
2259,2282,244,2026-04-30,2026-06-15,Admitted
2260,4858,209,2025-11-05,2026-04-14,Admitted
2261,1610,285,2026-01-02,2026-04-21,Admitted
2262,4244,24,2025-08-27,2026-07-20,Admitted
2263,2226,213,2026-04-28,2026-07-11,Discharged
2264,873,153,2026-03-04,2026-06-24,Discharged
2265,3186,132,2025-08-17,2025-11-25,Admitted
2266,4656,234,2025-12-10,2025-12-14,Admitted
2267,3404,284,2026-04-18,2026-07-01,Discharged
2268,4031,32,2025-12-21,2026-06-29,Discharged
2269,3929,130,2026-01-21,2026-06-17,Discharged
2270,3808,250,2026-01-29,2026-03-10,Discharged
2271,37,7,2025-09-26,2025-12-18,Discharged
2272,2294,88,2026-02-15,2026-05-29,Admitted
2273,3891,219,2026-03-01,2026-06-24,Discharged
2274,4851,238,2025-12-01,2026-06-30,Admitted
2275,3271,147,2025-09-21,2025-12-19,Admitted
2276,3307,110,2026-06-06,2026-07-07,Admitted
2277,4867,135,2025-12-01,2026-04-26,Admitted
2278,2140,133,2025-08-28,2026-05-20,Discharged
2279,753,233,2025-12-12,2026-01-12,Admitted
2280,1440,216,2025-10-14,2026-03-22,Discharged
2281,4519,166,2025-08-11,2025-09-01,Discharged
2282,197,200,2025-12-17,2026-03-16,Discharged
2283,2824,194,2026-02-11,2026-04-16,Discharged
2284,4501,16,2026-01-21,2026-04-02,Discharged
2285,1877,74,2025-10-13,2026-01-23,Admitted
2286,4334,245,2025-08-14,2026-01-16,Admitted
2287,3299,43,2026-06-26,2026-06-29,Admitted
2288,3814,108,2026-06-01,2026-06-17,Admitted
2289,2166,219,2025-11-13,2026-06-18,Discharged
2290,955,269,2025-10-05,2026-05-28,Admitted
2291,3535,268,2026-05-10,2026-05-21,Discharged
2292,736,183,2026-04-30,2026-05-24,Admitted
2293,1247,99,2026-01-18,2026-07-02,Admitted
2294,2395,30,2025-08-31,2026-05-24,Admitted
2295,3583,169,2026-03-13,2026-03-13,Discharged
2296,4020,146,2026-07-16,2026-07-18,Admitted
2297,3292,195,2025-12-15,2026-02-11,Discharged
2298,782,131,2026-03-09,2026-07-20,Discharged
2299,2326,103,2025-07-25,2025-10-02,Discharged
2300,1685,298,2025-11-22,2026-07-09,Discharged
2301,3432,225,2026-03-06,2026-04-15,Admitted
2302,4727,128,2026-07-15,2026-07-23,Discharged
2303,2034,70,2025-09-15,2026-03-17,Discharged
2304,978,222,2025-11-10,2025-11-28,Admitted
2305,1558,178,2025-08-03,2026-02-15,Discharged
2306,3993,206,2025-08-16,2025-12-13,Discharged
2307,2032,192,2026-07-11,2026-07-11,Admitted
2308,2391,140,2026-05-29,2026-06-12,Admitted
2309,1936,89,2025-10-13,2026-06-12,Admitted
2310,3750,188,2026-01-28,2026-06-13,Admitted
2311,1296,289,2026-02-24,2026-05-18,Discharged
2312,2962,129,2026-04-07,2026-04-24,Discharged
2313,4352,240,2026-03-09,2026-07-11,Discharged
2314,1113,51,2025-11-20,2025-12-02,Discharged
2315,3581,173,2026-07-22,2026-07-22,Discharged
2316,4343,216,2026-06-01,2026-07-22,Admitted
2317,3727,9,2025-08-13,2026-06-19,Admitted
2318,2535,13,2026-03-08,2026-06-08,Admitted
2319,4357,202,2025-08-13,2026-02-25,Admitted
2320,4435,48,2025-08-06,2025-10-27,Admitted
2321,1318,300,2026-01-29,2026-06-11,Admitted
2322,4319,78,2025-07-26,2025-11-23,Admitted
2323,4772,47,2026-02-18,2026-03-05,Discharged
2324,3303,42,2025-10-15,2026-02-05,Admitted
2325,389,51,2025-11-14,2026-04-21,Discharged
2326,671,47,2025-11-30,2026-02-03,Admitted
2327,4551,262,2025-08-14,2025-10-10,Admitted
2328,504,12,2026-03-01,2026-03-30,Discharged
2329,2270,204,2026-06-24,2026-07-12,Admitted
2330,4938,253,2026-01-24,2026-05-10,Discharged
2331,2391,172,2025-08-01,2026-02-27,Discharged
2332,2935,259,2025-12-24,2026-01-15,Discharged
2333,2463,140,2025-09-28,2026-05-17,Discharged
2334,3691,61,2025-12-11,2025-12-26,Admitted
2335,3030,50,2026-06-19,2026-06-20,Discharged
2336,3907,89,2025-11-28,2026-04-26,Admitted
2337,1643,2,2026-03-17,2026-04-24,Admitted
2338,602,93,2026-05-07,2026-07-16,Discharged
2339,1868,104,2025-10-25,2025-12-03,Discharged
2340,2494,151,2025-08-20,2025-08-24,Discharged
2341,2730,173,2025-07-29,2025-09-13,Admitted
2342,1629,79,2025-10-20,2026-01-10,Admitted
2343,1842,136,2025-08-10,2025-11-13,Admitted
2344,3333,67,2025-07-27,2026-04-26,Discharged
2345,1832,70,2026-07-05,2026-07-17,Discharged
2346,149,105,2025-11-17,2025-12-18,Admitted
2347,3670,205,2025-11-18,2025-12-20,Discharged
2348,4239,219,2025-09-13,2025-10-09,Discharged
2349,3473,135,2025-08-23,2026-07-04,Discharged
2350,608,251,2025-12-15,2026-07-21,Admitted
2351,4587,33,2026-04-02,2026-07-07,Admitted
2352,3439,265,2026-06-03,2026-06-06,Discharged
2353,810,215,2025-10-20,2026-02-17,Discharged
2354,2120,144,2026-01-07,2026-04-01,Admitted
2355,3319,70,2026-04-03,2026-07-01,Admitted
2356,2884,258,2025-10-09,2026-04-06,Admitted
2357,391,146,2026-07-10,2026-07-19,Admitted
2358,2387,239,2025-10-13,2026-05-21,Admitted
2359,1362,210,2026-01-15,2026-07-06,Admitted
2360,4361,52,2026-03-18,2026-03-19,Admitted
2361,2897,51,2026-01-15,2026-05-03,Discharged
2362,4168,275,2026-07-17,2026-07-19,Discharged
2363,369,12,2025-12-19,2026-06-30,Admitted
2364,3211,90,2026-02-24,2026-05-28,Admitted
2365,3829,15,2026-05-23,2026-07-09,Admitted
2366,4275,154,2026-03-03,2026-05-15,Admitted
2367,1693,190,2025-08-03,2025-08-28,Admitted
2368,4676,165,2026-01-10,2026-07-22,Admitted
2369,4933,103,2026-05-07,2026-06-12,Admitted
2370,4453,50,2026-03-08,2026-07-09,Admitted
2371,1431,72,2025-12-12,2026-05-23,Admitted
2372,261,38,2025-11-10,2026-01-10,Discharged
2373,4677,80,2025-08-26,2026-01-03,Discharged
2374,4748,124,2025-12-12,2025-12-21,Admitted
2375,4830,251,2026-01-17,2026-02-16,Admitted
2376,540,12,2025-07-31,2025-09-07,Admitted
2377,3788,235,2025-09-14,2026-03-22,Discharged
2378,1003,43,2026-07-05,2026-07-22,Discharged
2379,3788,271,2025-12-25,2026-05-20,Discharged
2380,1873,67,2026-01-03,2026-07-09,Discharged
2381,2003,268,2026-03-10,2026-06-27,Admitted
2382,3269,168,2025-11-06,2026-06-01,Admitted
2383,556,151,2026-03-06,2026-06-02,Admitted
2384,1060,291,2026-05-31,2026-06-16,Discharged
2385,896,44,2025-10-28,2026-04-08,Discharged
2386,796,195,2025-11-30,2026-06-27,Discharged
2387,2012,132,2025-10-29,2025-12-16,Discharged
2388,4596,76,2026-06-12,2026-07-14,Discharged
2389,629,290,2026-03-31,2026-05-28,Admitted
2390,603,194,2025-08-25,2026-07-11,Admitted
2391,4804,56,2026-07-16,2026-07-18,Admitted
2392,56,64,2025-09-13,2026-01-05,Admitted
2393,3095,275,2026-04-08,2026-06-05,Admitted
2394,4252,70,2025-08-29,2026-04-11,Discharged
2395,398,3,2025-09-11,2026-02-04,Discharged
2396,299,277,2025-11-23,2026-01-20,Discharged
2397,3087,223,2026-06-11,2026-06-16,Discharged
2398,2983,161,2026-04-12,2026-05-08,Discharged
2399,995,224,2025-11-12,2025-12-25,Discharged
2400,3572,41,2026-03-27,2026-06-05,Discharged
2401,2719,97,2026-05-28,2026-07-16,Admitted
2402,4649,278,2026-01-01,2026-03-01,Admitted
2403,1541,128,2026-03-08,2026-07-01,Discharged
2404,3903,76,2026-01-12,2026-06-17,Admitted
2405,920,121,2025-08-10,2025-11-20,Admitted
2406,127,49,2025-09-17,2026-03-21,Discharged
2407,2091,241,2026-02-28,2026-06-11,Admitted
2408,1918,15,2026-06-12,2026-06-28,Admitted
2409,570,235,2026-02-17,2026-07-20,Discharged
2410,3926,177,2025-09-24,2025-10-30,Discharged
2411,1391,229,2025-10-06,2026-04-06,Admitted
2412,4638,209,2026-04-20,2026-05-22,Discharged
2413,145,51,2026-04-05,2026-06-29,Discharged
2414,3626,47,2026-05-12,2026-06-19,Admitted
2415,3459,83,2025-07-26,2025-08-15,Admitted
2416,978,223,2026-02-06,2026-03-19,Admitted
2417,3986,123,2026-04-12,2026-07-20,Admitted
2418,3527,112,2026-01-03,2026-01-16,Admitted
2419,1200,93,2026-06-13,2026-07-07,Discharged
2420,1345,93,2025-08-11,2026-03-27,Admitted
2421,1255,27,2026-02-28,2026-06-17,Admitted
2422,3543,190,2026-04-25,2026-06-10,Discharged
2423,657,21,2025-08-25,2026-04-26,Discharged
2424,4074,33,2026-07-12,2026-07-21,Admitted
2425,4726,40,2026-02-24,2026-05-13,Admitted
2426,1818,157,2026-01-21,2026-06-08,Discharged
2427,4473,149,2026-05-15,2026-05-18,Admitted
2428,4873,56,2026-02-16,2026-02-28,Admitted
2429,735,113,2026-04-21,2026-06-22,Admitted
2430,951,53,2026-04-09,2026-07-08,Discharged
2431,4870,168,2026-03-14,2026-07-03,Admitted
2432,1749,147,2026-02-02,2026-06-17,Admitted
2433,2349,133,2025-11-07,2026-04-20,Admitted
2434,1379,298,2025-10-28,2026-01-03,Discharged
2435,995,179,2026-03-05,2026-04-08,Discharged
2436,4122,109,2026-03-15,2026-05-30,Discharged
2437,2309,211,2026-07-12,2026-07-12,Discharged
2438,575,96,2026-05-06,2026-06-23,Admitted
2439,215,39,2025-08-28,2025-11-11,Admitted
2440,4113,114,2026-06-16,2026-06-29,Discharged
2441,4342,159,2025-11-08,2026-01-31,Discharged
2442,3842,1,2026-02-25,2026-06-15,Admitted
2443,190,125,2025-09-28,2025-10-03,Discharged
2444,757,280,2026-05-22,2026-07-20,Admitted
2445,4918,91,2026-05-21,2026-06-25,Discharged
2446,2983,11,2026-04-08,2026-04-16,Discharged
2447,3947,280,2025-08-10,2025-08-25,Discharged
2448,3486,82,2026-07-19,2026-07-20,Discharged
2449,4624,133,2025-10-10,2025-12-24,Discharged
2450,1837,122,2025-09-13,2025-12-12,Admitted
2451,1964,176,2026-07-23,2026-07-23,Admitted
2452,34,220,2025-09-20,2026-06-27,Admitted
2453,2508,23,2026-03-17,2026-04-17,Admitted
2454,1478,31,2026-03-30,2026-04-17,Admitted
2455,825,284,2026-04-29,2026-07-08,Admitted
2456,1938,261,2025-08-27,2026-01-23,Discharged
2457,4082,61,2026-03-28,2026-06-06,Admitted
2458,3191,51,2026-03-28,2026-06-13,Admitted
2459,1951,65,2025-12-07,2026-04-30,Admitted
2460,4921,269,2026-03-27,2026-06-10,Discharged
2461,110,201,2026-03-15,2026-04-01,Discharged
2462,3815,3,2026-05-24,2026-07-20,Admitted
2463,2234,261,2025-12-21,2026-07-12,Discharged
2464,2140,276,2025-12-02,2026-03-14,Admitted
2465,1305,40,2026-05-25,2026-07-07,Admitted
2466,4155,132,2025-08-12,2026-07-09,Admitted
2467,424,233,2026-03-13,2026-04-13,Discharged
2468,3089,110,2025-10-05,2025-10-09,Discharged
2469,2235,173,2026-03-04,2026-05-21,Admitted
2470,1166,47,2026-06-20,2026-07-11,Admitted
2471,2799,154,2026-06-11,2026-06-26,Admitted
2472,4042,184,2025-12-04,2026-05-19,Admitted
2473,385,2,2026-02-26,2026-03-10,Admitted
2474,1573,156,2026-06-03,2026-06-21,Discharged
2475,793,181,2026-06-11,2026-06-14,Admitted
2476,1286,79,2026-07-04,2026-07-13,Admitted
2477,4571,2,2025-08-25,2025-11-13,Discharged
2478,2535,50,2026-07-15,2026-07-22,Discharged
2479,3753,149,2026-07-02,2026-07-19,Discharged
2480,1506,139,2025-12-30,2026-04-01,Discharged
2481,840,130,2026-06-21,2026-07-23,Admitted
2482,587,189,2026-02-04,2026-06-17,Admitted
2483,246,231,2025-12-24,2026-03-09,Admitted
2484,3430,214,2026-07-20,2026-07-23,Discharged
2485,4077,229,2026-01-09,2026-02-12,Discharged
2486,1797,212,2025-10-10,2026-05-01,Discharged
2487,2641,195,2026-05-21,2026-06-02,Admitted
2488,3102,71,2026-01-26,2026-03-30,Admitted
2489,1674,85,2026-04-02,2026-07-06,Admitted
2490,1006,56,2026-04-19,2026-05-08,Admitted
2491,1881,144,2026-03-02,2026-05-08,Admitted
2492,2137,236,2026-03-20,2026-05-06,Admitted
2493,3514,299,2026-05-07,2026-07-03,Admitted
2494,3948,263,2026-01-15,2026-07-14,Discharged
2495,3273,177,2026-05-27,2026-06-22,Admitted
2496,1391,17,2026-07-08,2026-07-10,Discharged
2497,2487,151,2025-08-14,2026-05-20,Admitted
2498,3354,60,2025-11-14,2026-04-09,Discharged
2499,3288,254,2025-08-27,2025-10-01,Admitted
2500,3615,76,2025-10-07,2026-03-18,Admitted
